Workbook
Name cn: '[1]Trường cố định'!$A$2:$A$6
Name kq: '[2]Trường cố định'!$D$2:$D$3
Name lh: '[1]Trường cố định'!$B$2:$B$4
Name ncm: '[2]Trường cố định'!$E$2:$E$8
Name plgr: '[1]Trường cố định'!$C$2:$C$6
Name tth: '[1]Trường cố định'!$F$2:$F$12

Sheet 20
A2: NHÀ MÁY ĐẠM CÀ MAU | I2: CỘNG HÒA XÃ HỘI CHỦ NGHĨA VIỆT NAM
A3: XƯỞNG ĐIỀU KHIỂN | I3: Độc lập – Tự do – Hạnh phúc
H5: Cà Mau, ngày 18 tháng 05 năm 2026
H6: .
B7: BÁO CÁO TUẦN 20 VÀ KẾ HOẠCH TUẦN 21 NĂM 2026
B9: Xưởng Điều khiển báo cáo công việc thực hiện trong tuần như sau:
B10: I. CÔNG TÁC THỰC HIỆN BẢO DƯỠNG ĐỊNH KỲ
B11: TT | C11: Hạng mục công việc | D11: %WO thực hiện | E11: Tổng WO thực hiện trong tuần | F11: Tổng số WO đã thực hiện trong tháng | G11: Tổng số WO theo KH | H11: Tổng WO chưa thực hiện theo KH | I11: Lý do không thực hiện các WO trong tháng (nếu có) | J11: Đơn vị thực hiện | K11: Ghi chú | L11: TB đo | M11: TBCH | N11: HTĐK
B12: 1 | C12: Hạng mục thiết bị Điều khiển | D12: =F12/G12 -> 0.57542373 | E12: =O12 -> 346 | F12: =333+E12 -> 679 | G12: =O13 -> 1180 | H12: =G12-F12 -> 501 | J12: X. ĐK | L12: 115 | M12: 163 | N12: 68 | O12: =SUM(L12:N12) -> 346
B13: II. TÌNH HÌNH THỰC CÔNG VIỆC THEO KẾ HOẠCH NĂM | L13: 336 | M13: 608 | N13: 236 | O13: =SUM(L13:N13) -> 1180
B14: TT | C14: Hạng mục công việc | D14: Nội dung yêu cầu thực hiện | G14: Thời hạn hoàn thành | H14: Mức độ hoàn thành | I14: Tình hình thực hiện | J14: Đơn vị thực hiện | K14: Ghi chú | L14: TB đo | M14: TBCH | N14: HTĐK | O14: TCDK
B15: 1 | C15: Công tác STOP | D15: Khuyến khích CBCNV Xưởng tham gia chương trình | G15: Hàng tháng | H15: N/A | I15: - Số thẻ STOP trong tuần: ghi nhận 8 thẻ. - Số thẻ STOP tháng 05/2026: ghi nhận: 10 thẻ | J15: X. ĐK | L15: 0 | M15: 8 | N15: 0 | O15: 0 | P15: =SUM(L15:O15) -> 8
B16: 2 | C16: Công tác đào tạo năm 2026 | D16: Thực hiện đào tạo nội bộ theo kế hoạch trong năm 2026 | G16: 46387 | H16: =444/1126 -> 0.39431616 | I16: - Thực hiện trong tuần: 42 giờ. Tích lũy: 444/1126 giờ | J16: X. ĐK | L16: 16 | M16: 6 | N16: 8 | O16: 12 | P16: =SUM(L16:O16) -> 42
D17: Kế hoạch đào tạo bên ngoài | G17: 46387 | H17: N/A | I17: Chưa triển khai | J17: X. ĐK
B18: III. TÌNH HÌNH THỰC HIỆN CÁC HẠNG MỤC NÂNG CẤP, CẢI TIẾN, CẢI TẠO
B19: TT | C19: Hạng mục công việc | D19: Nội dung yêu cầu thực hiện | G19: Thời hạn hoàn thành | I19: Tình hình thực hiện | J19: Đơn vị thực hiện | K19: Ghi chú
B20: 1 | C20: Nghiên cứu triển khai lắp đặt hệ thống phun sơn tự động cho X.SP | D20: Nghiên cứu triển khai lắp đặt hệ thống phun sơn tự động cho X.SP V16 + Phun sơn tự động + Có thể linh hoạt di chuyển giữa các Line | G20: 46386 | H20: 0.92 | I20: - Hoàn thành lắp đặt hệ thống điều khiển, test máy phun sơn với nước đạt yêu cầu - Đang chờ đơn hàng sơn về để chạy test với sơn | J20: Đội TBCH | K20: Không thay đổi trong tuần
B21: 2 | C21: Cải tiến lại hệ thống robot NPK line A,B,C để gắp được bao 25kg | D21: Thực hiện các hạng mục công việc cần thiết để thực hiện cải tiến 3 line robot NPK A,B,C cho bao 25kg | G21: 46386 | H21: 0.95 | I21: - Hoàn thành lập trình tọa độ và cấu hình lớp bao cho loại bao 25kg - Hoàn thành chạy thử và bàn giao vận hành Line C - Line B chưa test được do không đóng bao 25kg | J21: Đội TBCH | K21: Không thay đổi trong tuần
B22: 3 | C22: Nâng cấp hệ thống F&G | D22: Phase 2: Triển khai thực hiện | G22: 30/09/2026 | H22: 0.43 | I22: FS: Báo cáo chủ trương đã được phê duyệt Front end and detail design: - Tình hình các đơn hàng: ĐH 1: Cung cấp vật tư đầu dò phục vụ lắp bổ sung đầu dò gas detector: KHMS (Điều chỉnh lại spec và trình lại YCMS vào tuần 21) ĐH 2: Cung cấp vật tư thiết bị hệ thống phục vụ lắp bổ sung đầu dò gas detector: KHMS (Đang soạn HSMCG) ĐH 3: Cung cấp dịch vụ thi công hạ tầng, lắp đặt thiết bị gas detector: KHMS (Đang soạn HSMCG) - Thiết kế kỹ thuật (100%) - Xây dựng phương án triển khai scope PVCFC (83%) (D/L: 30/05) | J22: Phạm Thanh Quyền
B23: 4 | C23: AHU H | D23: - Lắp lại PI, TI cho AHU - H - Lắp thêm sensor đo nhiệt độ trên AHU H. | F23: 45664 | G23: 31/07/2025 | H23: 1 | I23: - Nhận vật tư: Dây kéo dài TC-K, Thermowell - Đã đấu nối tín hiệu thiết bị đo TT. - Đã lắp lại PI - Tuần 11 đã khảo sát lại với Cơ khí xác định vị trí hàn lại TI. Cơ khí thông báo đang mua vật tư - Tuần 20 đã lắp lại TI sau khi CK hàn xong nozzle
B24: 5 | C24: Khắc phục tồn động hệ thống pccc từ Đoàn thanh tra Bộ Công an về công tác PCCC | D24: Tòa nhà khối bảo dưỡng: Rà soát lại các thiết kế hệ thống báo cháy theo thẩm duyệt: hệ thống nào có thiết kế điện trở cuối kênh hay không có điện trở cuối kênh phải đảm bảo đúng thiết kế. Phòng ATMT lập WR, X.ĐK thực hiện tại tòa nhà khối bảo dưỡng | G24: 30/03/2026 | H24: 100% | I24: Hoàn thành khắc phục các điểm sai khác bản vẽ thẩm duyệt Đã hoàn thành nghiệm thu với P.AT - P.ATMT kiểm tra lắp đặt điện trở cuối, điện trở cuối đã được lắp đặt theo đúng bản vẽ thẩm duyệt - P.ATMT tháo thiết bị bất kỳ tại các zone, tủ báo cháy hiển thị lỗi hở mạch zone đó. | J24: Tổ TBHTPC
D25: Các đầu báo cháy nằm cách trần nhà >0.3m. P.AT lập WR sau khi khảo sát và X.ĐK lên kế hoạch thực hiện | G25: 30/03/2026 | H25: 0.76 | I25: - Tích lũy thực hiện di dời đầu dò không cần giàn giáo: 35/35 đầu dò - Tích lũy thực hiện di dời có giàn giáo: 71/82 đầu dò - Tích lũy thực hiện lắp mới có giàn giáo: 21/21 đầu dò | J25: Tổ TBHTPC
D26: Mua sắm bổ sung các thiết bị test báo cháy phù hợp. P.ATMT lập kế hoạch mua sắm | G26: 30/03/2026 | H26: 0.85 | I26: Đã đưa vào kế hoạch mua sắm 2026 Đã lập danh mục đưa vào YCMS CCDC và đã gửi đầu mối xưởng triển khai mua sắm Kế hoạch tiếp theo: theo dõi mua sắm | J26: Tổ TBHTPC
B27: 6 | C27: Hệ thống FA lắp mới | D27: Phối hợp P.AT khảo sát các thiết bị báo cháy lắp mới cần kết nối về hệ thống trung tâm tại Nhà máy với bảng MIMIC | G27: 30/12/2025 | H27: 1 | I27: Hoàn thành phối hợp P.AT khảo sát xác định các khu vực chưa kết nối hệ thống Fire Alarm về hệ thống trung tâm và đưa ra yêu cầu có thứ tự ưu tiên. | J27: Tổ TBHTPC
D28: X. ĐK đánh giá tính khả thi về kỹ thuật và chi phí sơ bộ để thực hiện kết nối hệ thống Fire Alarm theo thứ tự ưu tiên của P. ATMT. | G28: 30/12/2025 | H28: 1 | I28: Hoàn thành bốc tách vật tư và chi phí thực hiện, đã trình bày trước LĐX Xưởng và được thông qua. Hoàn thành xin ý kiến LĐNM và đã triển khai YCMS VT | J28: Tổ TBHTPC
D29: Thiết kế hệ thống MIMIC phải đồng bộ với việc kết nối hệ thống Fire Alarm và F&G. | G29: 30/03/2026 | H29: 0.26 | I29: Hoàn thành cập nhật bản vẻ CAD và graphic F&G Đang liên hệ các nhà cung cấp đề thiết kế bản vẽ Hoàn thành vẽ graphic MIMIC PANEL mới tại máy tính FGS Đã xin ý kiến LĐX về các giải pháp: Gợi ý về bảng MIMIC mới: tìm hiểu về bảng MIMIC hiển thị bằng màn hình LED. Cập nhật bản vẽ CAD và graphic máy tính F&G: Hoàn thành Trong tuần: - Soạn phương án thực hiện kết nối các hệ thống báo cháy lắp mới: 70% Tuần sau: Soạn phương án thực hiện kết nối các hệ thống báo cháy lắp mới. Trao đổi với p.AT về giải pháp bảng MIMIC | J29: Tổ TBHTPC
B30: 7 | C30: Hệ thống PLC K04421 | D30: Nghiên cứu phương án lấy tín hiệu từ Trident K04421 về HMI Siemens PLC | G30: 01/09/2026 | H30: 0.6 | I30: Đã hoàn thành: - Thực hiện cấu hình thử nghiệm trên phần mềm WinccFlexible lấy dữ liệu qua đường truyền Modbus TCP/IP - Thực hiện cấu hình thử nghiệm trên phần mềm Tristation truyền Modbus TCP/IP đến thiết bị khác - Dùng phần mềm Modbus Slave để kiểm tra kết nối Modbus TCP/IP với Wincc Flexible - Đã trao đổi với Schneider về các phương án truyền dữ liệu giữa HMI Siemens và Trident, Schneider cần kiểm tra thêm Version V3.1 có hỗ trợ Modbus TCP/IP không. - Mô phỏng kết nối lấy dữ liệu tử Trident về WinCC Classic (PCS 7) qua DDE, trong trường hợp cần thiết có thế lấy dữ liệu từ Trident K04421 về HMI K04441 (Do HMI K04421 không hỗ trợ DDE, K04441 có thể kết nối lấy dữ liệu từ Trident qua DDE). - Nhắc Schneider kiểm tra thông tin Version V3.1 có hỗ trợ Modbus TCP/IP không để lên p/a thực hiện kết nối Trident với HMI trong BDTT 2026 - P. KTBD đã y/c Schneider kiểm tra thông tin Version V3.1 có hỗ trợ Modbus TCP/IP không để lên p/a thực hiện kết nối Trident với HMI trong BDTT 2026 - Lắp đặt xong phần cứng Trident để thử nghiệm truyền thông giữa HMI và Trident - Test kiểm tra xong kết nối modbus TCP/IP giữa Trident và HMI Siemens Trong tuần: Kiểm tra truyền giá trị giữa HMI và Trident, các tín hiệu truyền tốt tuy nhiên còn tín hiệu Setpoint giá trị Real từ HMI sang Trident chưa thực hiện được. Tuần sau: - Nghiên cứu truyền giá trị Setpoint Real từ HMI sang Trident - Soạn thảo phương án thực hiện trong BDTT 2026 | J30: Trịnh Văn Kiều
B31: 8 | C31: Cập nhật các tài liệu loop diagram, Interlock Logic diagram, Alarm trip setpoint | D31: Phối hợp P.KTBD và các Xưởng VH cập nhật các tài liệu Loop diagram, Interlock Logic diagram, Alarm trip setpoint | G31: N/A | H31: 0.52 | I31: 1. Interlock Logic diagram: - DCS: 0% - ESD: 0% - PLC: 0% - MPS: 100% 2. Loop diagram: (Chưa có thông tin triển khai) 3. Alarm trip setpoint: - DCS: Amo 100%, Uti 100%, Ure 100% - ESD: Amo 100%, Uti 100%, Ure 100% - PLC: 0% - MPS: 100% Trong tuần: - Cập nhật Alarm trip setpoint trên hệ thống PLC Nito (90%) Kế hoạch tuần tiếp theo: Triển khai rà soát cập nhật Alarm trip setpoint trên hệ thống PLC (tiếp tục) | J31: Đội HTĐK | K31: Không thay đổi trong tuần
B32: 9 | C32: Lắp đặt robot depalletizing | D32: Phase 2: Triển khai thực hiện | G32: 30/11/2026 | H32: 0.23 | I32: FS: Báo cáo chủ trương đã được phê duyệt (Đã thống nhất PA triển khai từ TGĐ: Lắp đặt 2 Robot/line và triển khai cho 1 line) Front end design: Xây dựng đầu bài dịch vụ (90%) (D/L: 15/05 đề xuất dời đến 29/05 do cần thêm thời gian để nhận góp ý từ NCC) Kế hoạch tiếp theo: - Làm rõ các điểm Tie-in về chuyên môn Điện - Họp để chốt đầu bài kỹ thuật (Tuần 22) Đã rà soát góp ý từ các đơn vị liên quan và điều chỉnh đầu bài kỹ thuật | J32: Phạm Thanh Quyền
B33: 10 | C33: Cải tạo hệ thống máng cáp | D33: Viết đầu bài kỹ thuật yêu cầu dịch dụ "Cung cấp vật tư, dịch vụ thi công gia cố máng cáp Điện - Điều khiển toàn Nhà máy". | G33: 30/05/2026 | H33: 0.96 | I33: Đang review | J33: Đội TBCH | K33: Không thay đổi trong tuần
B34: 11 | C34: Cải tạo tiếp địa TB ĐK | D34: Cải tạo tiếp địa thiết bị điều khiển xuống cọc sạch | G34: 46357 | H34: 0.35 | I34: - (23/1/2026) Họp thống nhất đối tượng cần cải tạo, thống nhất nhiệm vụ: 100% - Khảo sát vị trí bảng đồng chính: 100% (Cập nhật tuần 19) - Khảo sát vị trí bảng đồng nhánh: 20% (Cập nhật tuần 20) - Danh mục Van, JB cần cải tạo: 100% (Cập nhật tuần 12) - Danh mục TBĐ cần cải tạo: 100% (Cập nhật tuần 13) - Bốc tách khối lượng vật tư: 100% (Tuần 13) - Bốc tách khối lượng thi công: 20% (Cập nhật tuần 20) - Xây dựng PA kỹ thuật: 0% - Xây dựng PA thi công: 0% - Xây dựng đầu bài kỹ thuật: 0% - Tiến hành thi công: 0% - KH tuần tiếp theo KS vị trí bảng đồng nhánh (tt) | J34: Đội TBCH
B35: 12 | C35: Dịch vụ lắp mới 3 bộ đếm bao cho các line đóng bao Xưởng NPK | D35: Giám sát NCC thực hiện thi công lắp đặt hệ thống bộ đếm xưởng NPK Phối hợp Chạy thử, nghiệm thi | G35: 46127 | H35: 0.99 | I35: - Đã hoàn thành lắp đắt thiết bị. - Đã hoàn thành chạy thử 72h; - Đã lắp máy tính AI và đang cho học mẩu bao - NCC đã đào tạo, hướng dãn sử dụng hệ đếm đối chứng AI cho VH. - Do đếm AI còn đang sai nhiều nên NCC đã điều chỉnh ổn dịnh. - Đang phối hợp với NCC nghiệm thu gói dịch vụ. | K35: Không thay đổi trong tuần
B36: 13 | C36: Hệ thống Loa | D36: Nâng cấp hệ thống Loa nhà máy | G36: 46387 | H36: 0.25 | I36: - (19/1/2026) Làm rõ nhu cầu: 100% - Khảo sát, kiểm tra thực tế: 50% - Trao đổi NCC: 20% (NCC đã gửi báo giá sơ bộ, khảo sát thực tế) - Báo cáo B.GĐNM: 0% - Xây dựng đầu bài kỹ thuật: 0% - Xây dựng PA thi công: 0% - Thực hiện công việc: 0% - Hoàn thành họp đánh giá PA cùng các bên liên quan (Cập nhật tuần 20) - KH tuần tiếp theo tính toán số lượng lắp bổ sung tối đa dựa trên hiện trạng hệ thống
B37: 14 | C37: Dây tín hiệu tại các mương thoát nước | D37: Cải tạo dây tín hiệu dọc mương thoát nước. Làm gọn dây không gây cản trở dòng chảy | G37: 46357 | H37: 0.18 | I37: - Đã thực hiện mẫu đoạn dọc cổng A2 được B.GĐNM thông qua - Note các vị trí cải tạo gửi đầu mối P.HCQT - Khảo sát các tuyến cần âm cáp - Chuyển nội dung công việc thực hiện cải tạo về P.HCQT - KH tuần tiếp theo kháo sát tuyến âm cáp | K37: Không thay đổi trong tuần
B38: IV. CÔNG TÁC TPM
B39: Xử lý thẻ đỏ từ AM
B40: Tổng hạng mục | D40: 203
B41: Hoàn thành | D41: 187
B42: Tồn đọng | D42: 17
B43: Tỷ trọng hoàn thành | D43: =D41/D40 -> 0.92118227
B44: Phát sinh trong tuần | D44: 0
B45: Thực hiện trong tuần | D45: 0
B46: V. CÁC HẠNG MỤC SỬA CHỮA ĐỘT XUẤT TRONG TUẦN
B47: TT | C47: Hạng mục công việc | D47: Tình trạng sự cố | H47: Kết quả | I47: Nội dung thực hiện xử lý | J47: Nhóm thiết bị | K47: Ghi chú
B48: 1 | C48: =BC_LĐNM!B2 -> 06PXT-0250B | D48: =BC_LĐNM!C2 -> Thiết bị đo áp bị dao động cao ( tồn đọng) | H48: =BC_LĐNM!E2 -> Đạt | I48: =BC_LĐNM!F2 -> Nguyên nhân: Bộ D/A lỗi. Thực hiện: 14/5 :Kiểm tra giá trị đo áp có xung tăng giảm liên tục. Tiến hành MOS giá trị (HH&LL) trên ESD.Kiểm tra tại site vent không phát hiện bất thường. 15/5 PV dao động mạnh, kiểm tra bộ D/A dao động, tiến hành nhận vật tư, test report transmitter mới. 16/5: Thay mới transmitter, loop test , report cùng VH, thiết bị hoạt động bình thường, bàn giao VH Kết quả: Thiết bị hoạt động bình thường, bàn giao VH, bỏ bypass tín hiệu LL, HH theo yêu cầu vận hành sau khi theo dõi thấy ổn. Thiết bị hoạt động bình thường, bàn giao VH
B49: 2 | C49: =BC_LĐNM!B3 -> Z08301A/B | D49: =BC_LĐNM!C3 -> VH báo off nguồn PLC | H49: =BC_LĐNM!E3 -> Đạt | I49: =BC_LĐNM!F3 -> Nguyên nhân : Thực hiện theo y/c VH. Thực hiện: Theo y/c VH off nguồn PLC cho VH vệ sinh, sau khi vệ sinh xong tiến hành On lại nguồn. Thiết bị hoạt động bình thường, bàn giao ĐVVH. Kết quả: Thiết bị hoạt động bình thường, bàn giao ĐVVH.
B50: 3 | C50: =BC_LĐNM!B4 -> 06AT-1103 | D50: =BC_LĐNM!C4 -> VH báo hết khi Argon | H50: =BC_LĐNM!E4 -> Đạt | I50: =BC_LĐNM!F4 -> Nguyên nhân : Hết khí Argon Thực hiện: Quan sát thấy hết khí Argon, tổ Phân tích hỗ trợ online- lấy chay khí kho WEC lên thay, phối hợp An toàn vận chuyển 2 chai khí đến vi trí chai khí dự phòng và thay thế. Thiết bị hoạt động bình thường, bàn giao ĐVVH. Kết quả: Thiết bị hoạt động bình thường, bàn giao ĐVVH.
B51: 4 | C51: =BC_LĐNM!B5 -> 04TT-3011 | D51: =BC_LĐNM!C5 -> Thiết bị Alarm I.O.P sau đó recover lại Normal | H51: =BC_LĐNM!E5 -> Đạt | I51: =BC_LĐNM!F5 -> Nguyên nhân : Chưa rõ nguyên nhân, nghi lão hóa trans Thực hiện: Kiểm tra đo áp Vcc= 13,4Vdc, TC K~ 51,2 degC, transmitter TH400, ragne : 0~100 degC, looptest sai số trong phạm vi = 0.8decC. Tiếp địa bình thường . Chưa phát hiện bất thường ở thiết bị, bàn giao VH theo dõi thêm. Kết quả: Chưa phát hiện bất thường ở thiết bị, bàn giao VH theo dõi thêm.
B52: 5 | C52: =BC_LĐNM!B6 -> L08202B | D52: =BC_LĐNM!C6 -> VH báo bể ống khí | H52: =BC_LĐNM!E6 -> Đạt | I52: =BC_LĐNM!F6 -> Nguyên nhân : Lão hóa, bể ống khí Thực hiện: Kiểm tra thấy ống khí cấp làm mát cho tủ ĐK bị bể, tiến hành sử dụng vật tư dự phòng thay thế. Thiết bị hoạt động bình thường, bàn giao ĐVVH. Kết quả: Thiết bị hoạt động bình thường, bàn giao ĐVVH.
B53: 6 | C53: =BC_LĐNM!B7 -> Camera 44/45/46/47 | D53: =BC_LĐNM!C7 -> An Toàn báoCamera 44/45/46/47 khu vực phía sau nhà đóng bao NPK | H53: =BC_LĐNM!E7 -> Chưa đạt | I53: =BC_LĐNM!F7 -> Nguyên nhân : Không cón tín hiệu truyền thông quang. Thực hiện: Kiểm tra các tủ box đấu nối thì phát hiện không có tín hiệu truyền thông quang, chưa rõ nguyên nhân. An Toàn đã thông tin nhà thầu kiểm tra lại Kết quả: Hiện camera chưa lên hình, An Toàn đã thông tin nhà thầu kiểm tra lại .
B54: 7 | C54: =BC_LĐNM!B8 -> L48002C | D54: =BC_LĐNM!C8 -> VH báo bao ngã cong support sensor | H54: =BC_LĐNM!E8 -> Đạt | I54: =BC_LĐNM!F8 -> Nguyên nhân : Bao ngã làm ảnh hưởng. Thực hiện: Quan sát thấy bao đổ ngã trúng, làm cong support sensor SG10, tiến hành nắn lại support và điều chỉnh lại vị trí sensor cho phù hợp. Thiết bị hoạt động bình thường, bàn giao ĐVVH. Kết quả: Thiết bị hoạt động bình thường, bàn giao ĐVVH.
B55: 8 | C55: =BC_LĐNM!B9 -> W48001E | D55: =BC_LĐNM!C9 -> VH báo cân đối chứng lỗi. | H55: =BC_LĐNM!E9 -> Đạt | I55: =BC_LĐNM!F9 -> Nguyên nhân : Nghi ngờ đầu cân treo tín hiệu. Thực hiện: Quan sát thấy cân sai ký so với thực tế, tiến hành zero và calib thiết bị thì luôn treo giá trị âm và giá trị khác so với tải chuẩn. Tiến hành reset lại nguồn và PLC, sau khi reset, thiết bị hoạt động bình thường, bàn giao ĐVVH. Kết quả: Thiết bị hoạt động bình thường, bàn giao ĐVVH.
B56: 9 | C56: =BC_LĐNM!B10 -> Van số 3 xuất hàng xá | D56: =BC_LĐNM!C10 -> VH báo rò van và không mở được. | H56: =BC_LĐNM!E10 -> Đạt | I56: =BC_LĐNM!F10 -> Nguyên nhân : Rò van xoay tay Thực hiện: Quan sát thấy van rò khí lớn và không mở được cửa đạm, tiến hành tháo vệ sinh làm kín các ron và thiết bị. Sau khi lắp lại test cùng VH, thiết bị hoạt động bình thường, bàn giao ĐVVH. Kết quả: Thiết bị hoạt động bình thường, bàn giao ĐVVH.
B57: 10 | C57: =BC_LĐNM!B11 -> 06PI-2258 | D57: =BC_LĐNM!C11 -> Giá trị đo sai (35 bar so với giá trị VH bình thường là 40 bar) . | H57: =BC_LĐNM!E11 -> Chưa đạt | I57: =BC_LĐNM!F11 -> Nguyên nhân : Chưa biết nguyên nhân . Thực hiện: Quan sát thấy thiết bị đo sai với thực tế, tiến hành thực hiện theo y/c VH tháo 06PI-2257 sang lắp thay thế cho 06PI-2258. Hiện tại 06PI-2258 đem về phòng trực ca, chuyển ca ngày 18/5 đầu tuần mang sang Tổ HC kiểm tra lại. Kết quả: Chuyển ca ngày 18/5 đầu tuần mang sang Tổ HC kiểm tra lại.
B58: 11 | C58: =BC_LĐNM!B12 -> WT48001E | D58: =BC_LĐNM!C12 -> Cân đối chứng dư ký | H58: =BC_LĐNM!E12 -> Đạt | I58: =BC_LĐNM!F12 -> Nguyên nhân: Lệch zero Thực hiện: Kiểm tra cân sai ký do lệch zero 200g. Kiểm tra các điều kiện bình thường tiến hành zero lại đầu cân. Cân đã hoạt động đúng. Kết quả: Thiết bị hoạt động bình thường.
B59: 12 | C59: =BC_LĐNM!B13 -> 48XS-0048A | D59: =BC_LĐNM!C13 -> Vận hành báo băng tải V48016A báo lệch trên hệ thống | H59: =BC_LĐNM!E13 -> Đạt | I59: =BC_LĐNM!F13 -> Nguyên nhân: Do switch lệch băng tải hỏng. Thực hiện: Kiểm tra switch lệch băng tải kẹt cứng do rỉ sét không còn đàn hồi. Điều chỉnh lạ điểm không báo alarm. Thông báo vận hành kiểm soát độ lệch, ca ngày 18/5 sẽ nhận vật tư thay thế. Kết quả: Switch mất đàn hồi
... B141: 94 | C141: =BC_LĐNM!B95 -> 0 | D141: =BC_LĐNM!C95 -> 0 | H141: =BC_LĐNM!E95 -> 0 | I141: =BC_LĐNM!F95 -> 0
B142: 95 | C142: =BC_LĐNM!B96 -> 0 | D142: =BC_LĐNM!C96 -> 0 | H142: =BC_LĐNM!E96 -> 0 | I142: =BC_LĐNM!F96 -> 0 | K142: =BC_LĐNM!H71 -> 0
B143: 96 | C143: =BC_LĐNM!B97 -> 0 | D143: =BC_LĐNM!C97 -> 0 | H143: =BC_LĐNM!E97 -> 0 | I143: =BC_LĐNM!F97 -> 0 | K143: =BC_LĐNM!H72 -> 0
B144: 97 | C144: =BC_LĐNM!B98 -> 0 | D144: =BC_LĐNM!C98 -> 0 | H144: =BC_LĐNM!E98 -> 0 | I144: =BC_LĐNM!F98 -> 0 | K144: =BC_LĐNM!H73 -> 0
B145: 98 | C145: =BC_LĐNM!B99 -> 0 | D145: =BC_LĐNM!C99 -> 0 | H145: =BC_LĐNM!E99 -> 0 | I145: =BC_LĐNM!F99 -> 0 | K145: =BC_LĐNM!H74 -> 0
B146: 99 | C146: =BC_LĐNM!B100 -> 0 | D146: =BC_LĐNM!C100 -> 0 | H146: =BC_LĐNM!E100 -> 0 | I146: =BC_LĐNM!F100 -> 0 | K146: =BC_LĐNM!H75 -> 0
B147: 100 | C147: =BC_LĐNM!B101 -> 0 | D147: =BC_LĐNM!C101 -> 0 | H147: =BC_LĐNM!E101 -> 0 | I147: =BC_LĐNM!F101 -> 0 | K147: =BC_LĐNM!H76 -> 0
B148: 101 | C148: 0 | H148: =BC_LĐNM!E102 -> 0 | I148: =BC_LĐNM!F102 -> 0 | K148: =BC_LĐNM!H77 -> 0
B149: 102 | C149: 0 | H149: =BC_LĐNM!E103 -> 0 | I149: =BC_LĐNM!F103 -> 0 | K149: =BC_LĐNM!H78 -> 0
B150: 103 | C150: 0 | H150: =BC_LĐNM!E104 -> 0 | I150: =BC_LĐNM!F104 -> 0 | K150: =BC_LĐNM!H79 -> 0
B151: 104 | C151: 0 | H151: =BC_LĐNM!E105 -> 0 | I151: =BC_LĐNM!F105 -> 0 | K151: =BC_LĐNM!H80 -> 0
B152: 105 | C152: 0 | H152: =BC_LĐNM!E106 -> 0 | I152: =BC_LĐNM!F106 -> 0 | K152: =BC_LĐNM!H81 -> 0
B153: 106 | C153: 0 | H153: =BC_LĐNM!E107 -> 0 | I153: =BC_LĐNM!F107 -> 0 | K153: =BC_LĐNM!H82 -> 0
B154: 107 | C154: 0 | H154: =BC_LĐNM!E108 -> 0 | I154: =BC_LĐNM!F108 -> 0 | K154: =BC_LĐNM!H83 -> 0
B155: 108 | C155: 0 | H155: =BC_LĐNM!E109 -> 0 | I155: =BC_LĐNM!F109 -> 0 | K155: =BC_LĐNM!H84 -> 0
B156: 109 | C156: 0 | H156: =BC_LĐNM!E110 -> 0 | I156: =BC_LĐNM!F110 -> 0 | K156: =BC_LĐNM!H85 -> 0
B157: 110 | C157: 0 | H157: =BC_LĐNM!E111 -> 0 | I157: =BC_LĐNM!F111 -> 0 | K157: =BC_LĐNM!H86 -> 0
B158: 111 | C158: 0 | H158: =BC_LĐNM!E112 -> 0 | I158: =BC_LĐNM!F112 -> 0 | K158: =BC_LĐNM!H87 -> 0
B159: 112 | C159: 0 | H159: =BC_LĐNM!E113 -> 0 | I159: =BC_LĐNM!F113 -> 0 | K159: =BC_LĐNM!H88 -> 0
... B168: 121 | C168: 0 | H168: =BC_LĐNM!E122 -> 0 | I168: =BC_LĐNM!F122 -> 0 | K168: =BC_LĐNM!H97 -> 0
B170: V. ĐỀ XUẤT, KIẾN NGHỊ
B171: TT | C171: Nội dung | G171: Kiến nghị/đề xuất | K171: Ghi chú
C172: Không
B173: VI. KẾ HOẠCH TUẦN TIẾP THEO
B174: 1 | C174: Thực hiện công tác BDĐK theo kế hoạch tháng 05/2026 | K174: 46173
B175: 2 | C175: Tiếp tục thực hiện các hạng mục công việc tồn đọng ở trên | K175: N/A
B176: 3 | C176: Tiếp tục triển khai đơn hàng mua sắm 2026 | K176: N/A
B177: 4 | C177: Triển khai thực hiện các cải tiến/cải tạo/dịch vụ theo kế hoạch năm 2026 | K177: N/A
B178: 5 | C178: Họp Giao ban Nhà máy theo lịch B.GĐNM | K178: 46164
B179: 6 | C179: Rà soát công tác chuẩn bị BDTT 2026 theo lịch P.GĐNM | K179: 46164
B180: 7 | C180: Rà soát giao nhiệm vụ tổ trưởng theo lịch P.GĐNM | K180: 46164
B181: 8 | C181: Quản trị rủi ro thiết bị đo lường | K181: 46164
B182: 9
B183: 8 | C183: Họp rà soát công tác chuẩn bị BDTT các Tổ chuyên môn theo lịch P.GĐNM | K183: 46157
B184: Nơi nhận: - P.GĐNM phụ trách (b/c); - P.TGĐ, Ban GĐNM, Các đơn vị Xưởng VH, BD (đ/b); - Phòng KTBD (p/h); - Các Đội trưởng BD, Tổ trưởng (t/h)
B185: Lưu:
B186: - Trần Tuyết Quyên

Sheet 21
A2: NHÀ MÁY ĐẠM CÀ MAU | I2: CỘNG HÒA XÃ HỘI CHỦ NGHĨA VIỆT NAM
A3: XƯỞNG ĐIỀU KHIỂN | I3: Độc lập – Tự do – Hạnh phúc
H5: Cà Mau, ngày 22 tháng 05 năm 2026
H6: .
B7: BÁO CÁO TUẦN 21 VÀ KẾ HOẠCH TUẦN 22 NĂM 2026
B9: Xưởng Điều khiển báo cáo công việc thực hiện trong tuần như sau:
B10: I. CÔNG TÁC THỰC HIỆN BẢO DƯỠNG ĐỊNH KỲ
B11: TT | C11: Hạng mục công việc | D11: %WO thực hiện | E11: Tổng WO thực hiện trong tuần | F11: Tổng số WO đã thực hiện trong tháng | G11: Tổng số WO theo KH | H11: Tổng WO chưa thực hiện theo KH | I11: Lý do không thực hiện các WO trong tháng (nếu có) | J11: Đơn vị thực hiện | K11: Ghi chú | L11: TB đo | M11: TBCH | N11: HTĐK
B12: 1 | C12: Hạng mục thiết bị Điều khiển | D12: =F12/G12 -> 0.7940678 | E12: =O12 -> 258 | F12: =679+E12 -> 937 | G12: =O13 -> 1180 | H12: =G12-F12 -> 243 | J12: X. ĐK | L12: 113 | M12: 78 | N12: 67 | O12: =SUM(L12:N12) -> 258
B13: II. TÌNH HÌNH THỰC CÔNG VIỆC THEO KẾ HOẠCH NĂM | L13: 336 | M13: 608 | N13: 236 | O13: =SUM(L13:N13) -> 1180
B14: TT | C14: Hạng mục công việc | D14: Nội dung yêu cầu thực hiện | G14: Thời hạn hoàn thành | H14: Mức độ hoàn thành | I14: Tình hình thực hiện | J14: Đơn vị thực hiện | K14: Ghi chú | L14: TB đo | M14: TBCH | N14: HTĐK | O14: TCDK
B15: 1 | C15: Công tác STOP | D15: Khuyến khích CBCNV Xưởng tham gia chương trình | G15: Hàng tháng | H15: N/A | I15: - Số thẻ STOP trong tuần: ghi nhận 5 thẻ. - Số thẻ STOP tháng 05/2026: ghi nhận: 15 thẻ | J15: X. ĐK | L15: 0 | M15: 5 | N15: 0 | O15: 0 | P15: =SUM(L15:O15) -> 5
B16: 2 | C16: Công tác đào tạo năm 2026 | D16: Thực hiện đào tạo nội bộ theo kế hoạch trong năm 2026 | G16: 46387 | H16: =489/1126 -> 0.43428064 | I16: - Thực hiện trong tuần: 45 giờ. Tích lũy: 489/1126 giờ | J16: X. ĐK | L16: 16 | M16: 6 | N16: 8 | O16: 15 | P16: =SUM(L16:O16) -> 45
D17: Kế hoạch đào tạo bên ngoài | G17: 46387 | H17: N/A | I17: Chưa triển khai | J17: X. ĐK
B18: III. TÌNH HÌNH THỰC HIỆN CÁC HẠNG MỤC NÂNG CẤP, CẢI TIẾN, CẢI TẠO
B19: TT | C19: Hạng mục công việc | D19: Nội dung yêu cầu thực hiện | G19: Thời hạn hoàn thành | I19: Tình hình thực hiện | J19: Đơn vị thực hiện | K19: Ghi chú
B20: 1 | C20: Nghiên cứu triển khai lắp đặt hệ thống phun sơn tự động cho X.SP | D20: Nghiên cứu triển khai lắp đặt hệ thống phun sơn tự động cho X.SP V16 + Phun sơn tự động + Có thể linh hoạt di chuyển giữa các Line | G20: 46386 | H20: 0.92 | I20: - Hoàn thành lắp đặt hệ thống điều khiển, test máy phun sơn với nước đạt yêu cầu - Đang chờ đơn hàng sơn về để chạy test với sơn | J20: Đội TBCH | K20: Không thay đổi trong tuần
B21: 2 | C21: Cải tiến lại hệ thống robot NPK line A,B,C để gắp được bao 25kg | D21: Thực hiện các hạng mục công việc cần thiết để thực hiện cải tiến 3 line robot NPK A,B,C cho bao 25kg | G21: 46386 | H21: 0.95 | I21: - Hoàn thành lập trình tọa độ và cấu hình lớp bao cho loại bao 25kg - Hoàn thành chạy thử và bàn giao vận hành Line C - Line B chưa test được do không đóng bao 25kg | J21: Đội TBCH | K21: Không thay đổi trong tuần
B22: 3 | C22: Nâng cấp hệ thống F&G | D22: Phase 2: Triển khai thực hiện | G22: 30/09/2026 | H22: 0.43 | I22: FS: Báo cáo chủ trương đã được phê duyệt Front end and detail design: - Tình hình các đơn hàng: ĐH 1: Cung cấp vật tư đầu dò phục vụ lắp bổ sung đầu dò gas detector: KHMS (Điều chỉnh lại spec và trình lại YCMS vào tuần 22) ĐH 2: Cung cấp vật tư thiết bị hệ thống phục vụ lắp bổ sung đầu dò gas detector: HSMCG ĐH 3: Cung cấp dịch vụ thi công hạ tầng, lắp đặt thiết bị gas detector: HSMCG - Thiết kế kỹ thuật (100%) - Xây dựng phương án triển khai scope PVCFC (83%) (D/L: 30/05) | J22: Phạm Thanh Quyền
B23: 4 | C23: Khắc phục tồn động hệ thống pccc từ Đoàn thanh tra Bộ Công an về công tác PCCC | D23: Tòa nhà khối bảo dưỡng: Rà soát lại các thiết kế hệ thống báo cháy theo thẩm duyệt: hệ thống nào có thiết kế điện trở cuối kênh hay không có điện trở cuối kênh phải đảm bảo đúng thiết kế. Phòng ATMT lập WR, X.ĐK thực hiện tại tòa nhà khối bảo dưỡng | G23: 30/03/2026 | H23: 100% | I23: Hoàn thành khắc phục các điểm sai khác bản vẽ thẩm duyệt Đã hoàn thành nghiệm thu với P.AT - P.ATMT kiểm tra lắp đặt điện trở cuối, điện trở cuối đã được lắp đặt theo đúng bản vẽ thẩm duyệt - P.ATMT tháo thiết bị bất kỳ tại các zone, tủ báo cháy hiển thị lỗi hở mạch zone đó. | J23: Tổ TBHTPC
D24: Các đầu báo cháy nằm cách trần nhà >0.3m. P.AT lập WR sau khi khảo sát và X.ĐK lên kế hoạch thực hiện | G24: 30/03/2026 | H24: 0.76 | I24: - Tích lũy thực hiện di dời đầu dò không cần giàn giáo: 35/35 đầu dò - Tích lũy thực hiện di dời có giàn giáo: 75/82 đầu dò - Tích lũy thực hiện lắp mới có giàn giáo: 21/21 đầu dò | J24: Tổ TBHTPC
D25: Mua sắm bổ sung các thiết bị test báo cháy phù hợp. P.ATMT lập kế hoạch mua sắm | G25: 30/03/2026 | H25: 0.85 | I25: Đã đưa vào kế hoạch mua sắm 2026 Đã lập danh mục đưa vào YCMS CCDC và đã gửi đầu mối xưởng triển khai mua sắm Kế hoạch tiếp theo: theo dõi mua sắm | J25: Tổ TBHTPC
B26: 5 | C26: Hệ thống FA lắp mới | D26: Phối hợp P.AT khảo sát các thiết bị báo cháy lắp mới cần kết nối về hệ thống trung tâm tại Nhà máy với bảng MIMIC | G26: 30/12/2025 | H26: 1 | I26: Hoàn thành phối hợp P.AT khảo sát xác định các khu vực chưa kết nối hệ thống Fire Alarm về hệ thống trung tâm và đưa ra yêu cầu có thứ tự ưu tiên. | J26: Tổ TBHTPC
D27: X. ĐK đánh giá tính khả thi về kỹ thuật và chi phí sơ bộ để thực hiện kết nối hệ thống Fire Alarm theo thứ tự ưu tiên của P. ATMT. | G27: 30/12/2025 | H27: 1 | I27: Hoàn thành bốc tách vật tư và chi phí thực hiện, đã trình bày trước LĐX Xưởng và được thông qua. Hoàn thành xin ý kiến LĐNM và đã triển khai YCMS VT | J27: Tổ TBHTPC
D28: Thiết kế hệ thống MIMIC phải đồng bộ với việc kết nối hệ thống Fire Alarm và F&G. | G28: 30/03/2026 | H28: 0.26 | I28: Hoàn thành cập nhật bản vẻ CAD và graphic F&G Đang liên hệ các nhà cung cấp đề thiết kế bản vẽ Hoàn thành vẽ graphic MIMIC PANEL mới tại máy tính FGS Đã xin ý kiến LĐX về các giải pháp: Gợi ý về bảng MIMIC mới: tìm hiểu về bảng MIMIC hiển thị bằng màn hình LED. Cập nhật bản vẽ CAD và graphic máy tính F&G: Hoàn thành Trong tuần: - Soạn phương án thực hiện kết nối các hệ thống báo cháy lắp mới: 71% Tuần sau: Soạn phương án thực hiện kết nối các hệ thống báo cháy lắp mới. Trao đổi với p.AT về giải pháp bảng MIMIC | J28: Tổ TBHTPC
B29: 6 | C29: Hệ thống PLC K04421 | D29: Nghiên cứu phương án lấy tín hiệu từ Trident K04421 về HMI Siemens PLC | G29: 01/09/2026 | H29: 0.6 | I29: Đã hoàn thành: - Thực hiện cấu hình thử nghiệm trên phần mềm WinccFlexible lấy dữ liệu qua đường truyền Modbus TCP/IP - Thực hiện cấu hình thử nghiệm trên phần mềm Tristation truyền Modbus TCP/IP đến thiết bị khác - Dùng phần mềm Modbus Slave để kiểm tra kết nối Modbus TCP/IP với Wincc Flexible - Đã trao đổi với Schneider về các phương án truyền dữ liệu giữa HMI Siemens và Trident, Schneider cần kiểm tra thêm Version V3.1 có hỗ trợ Modbus TCP/IP không. - Mô phỏng kết nối lấy dữ liệu tử Trident về WinCC Classic (PCS 7) qua DDE, trong trường hợp cần thiết có thế lấy dữ liệu từ Trident K04421 về HMI K04441 (Do HMI K04421 không hỗ trợ DDE, K04441 có thể kết nối lấy dữ liệu từ Trident qua DDE). - Nhắc Schneider kiểm tra thông tin Version V3.1 có hỗ trợ Modbus TCP/IP không để lên p/a thực hiện kết nối Trident với HMI trong BDTT 2026 - P. KTBD đã y/c Schneider kiểm tra thông tin Version V3.1 có hỗ trợ Modbus TCP/IP không để lên p/a thực hiện kết nối Trident với HMI trong BDTT 2026 - Lắp đặt xong phần cứng Trident để thử nghiệm truyền thông giữa HMI và Trident - Test kiểm tra xong kết nối modbus TCP/IP giữa Trident và HMI Siemens Trong tuần: Kiểm tra truyền giá trị giữa HMI và Trident, các tín hiệu truyền tốt tuy nhiên còn tín hiệu Setpoint giá trị Real từ HMI sang Trident chưa thực hiện được. Tuần sau: - Nghiên cứu truyền giá trị Setpoint Real từ HMI sang Trident - Soạn thảo phương án thực hiện trong BDTT 2026 | J29: Trịnh Văn Kiều | K29: Không thay đổi trong tuần
B30: 7 | C30: Cập nhật các tài liệu loop diagram, Interlock Logic diagram, Alarm trip setpoint | D30: Phối hợp P.KTBD và các Xưởng VH cập nhật các tài liệu Loop diagram, Interlock Logic diagram, Alarm trip setpoint | G30: N/A | H30: 0.52 | I30: 1. Interlock Logic diagram: - DCS: 0% - ESD: 0% - PLC: 0% - MPS: 100% 2. Loop diagram: (Chưa có thông tin triển khai) 3. Alarm trip setpoint: - DCS: Amo 100%, Uti 100%, Ure 100% - ESD: Amo 100%, Uti 100%, Ure 100% - PLC: 0% - MPS: 100% Trong tuần: - Cập nhật Alarm trip setpoint trên hệ thống PLC Nito (90%) Kế hoạch tuần tiếp theo: Triển khai rà soát cập nhật Alarm trip setpoint trên hệ thống PLC (tiếp tục) | J30: Đội HTĐK | K30: Không thay đổi trong tuần
B31: 8 | C31: Lắp đặt robot depalletizing | D31: Phase 2: Triển khai thực hiện | G31: 30/11/2026 | H31: 0.23 | I31: FS: Báo cáo chủ trương đã được phê duyệt (Đã thống nhất PA triển khai từ TGĐ: Lắp đặt 2 Robot/line và triển khai cho 1 line) Front end design: Xây dựng đầu bài dịch vụ (90%) (D/L: 15/05 đề xuất dời đến 29/05 do cần thêm thời gian để nhận góp ý từ NCC) Kế hoạch tiếp theo: Họp để chốt đầu bài kỹ thuật (Tuần 22) và trình YCDV | J31: Phạm Thanh Quyền
B32: 9 | C32: Cải tạo hệ thống máng cáp | D32: Viết đầu bài kỹ thuật yêu cầu dịch dụ "Cung cấp vật tư, dịch vụ thi công gia cố máng cáp Điện - Điều khiển toàn Nhà máy". | G32: 30/05/2026 | H32: 0.96 | I32: Đang review | J32: Đội TBCH | K32: Không thay đổi trong tuần
B33: 10 | C33: Cải tạo tiếp địa TB ĐK | D33: Cải tạo tiếp địa thiết bị điều khiển xuống cọc sạch | G33: 46357 | H33: 0.35 | I33: - (23/1/2026) Họp thống nhất đối tượng cần cải tạo, thống nhất nhiệm vụ: 100% - Khảo sát vị trí bảng đồng chính: 100% (Cập nhật tuần 19) - Khảo sát vị trí bảng đồng nhánh: 20% (Cập nhật tuần 20) - Danh mục Van, JB cần cải tạo: 100% (Cập nhật tuần 12) - Danh mục TBĐ cần cải tạo: 100% (Cập nhật tuần 13) - Bốc tách khối lượng vật tư: 100% (Tuần 13) - Bốc tách khối lượng thi công: 20% (Cập nhật tuần 20) - Xây dựng PA kỹ thuật: 0% - Xây dựng PA thi công: 0% - Xây dựng đầu bài kỹ thuật: 0% - Tiến hành thi công: 0% - KH tuần tiếp theo KS vị trí bảng đồng nhánh (tt) | J33: Đội TBCH | K33: Không thay đổi trong tuần
B34: 11 | C34: Dịch vụ lắp mới 3 bộ đếm bao cho các line đóng bao Xưởng NPK | D34: Giám sát NCC thực hiện thi công lắp đặt hệ thống bộ đếm xưởng NPK Phối hợp Chạy thử, nghiệm thu | G34: 46127 | H34: 1 | I34: - Đã hoàn thành lắp đắt thiết bị. - Đã hoàn thành chạy thử 72h; - Đã lắp máy tính AI và đang cho học mẩu bao - NCC đã đào tạo, hướng dãn sử dụng hệ đếm đối chứng AI cho VH. - Do đếm AI còn đang sai nhiều nên NCC đã điều chỉnh ổn dịnh. - Công việc đã hoàn thành, chờ ký nghiệm thu.
B35: 12 | C35: Hệ thống Loa | D35: Nâng cấp hệ thống Loa nhà máy | G35: 46387 | H35: 0.25 | I35: - (19/1/2026) Làm rõ nhu cầu: 100% - Khảo sát, kiểm tra thực tế: 50% - Trao đổi NCC: 20% (NCC đã gửi báo giá sơ bộ, khảo sát thực tế) - Báo cáo B.GĐNM: 0% - Xây dựng đầu bài kỹ thuật: 0% - Xây dựng PA thi công: 0% - Thực hiện công việc: 0% - Hoàn thành họp đánh giá PA cùng các bên liên quan (Cập nhật tuần 20) - KH tuần tiếp theo tính toán số lượng lắp bổ sung tối đa dựa trên hiện trạng hệ thống (tt)
B36: 13 | C36: Dây tín hiệu tại các mương thoát nước | D36: Cải tạo dây tín hiệu dọc mương thoát nước. Làm gọn dây không gây cản trở dòng chảy | G36: 46357 | H36: 0.18 | I36: - Đã thực hiện mẫu đoạn dọc cổng A2 được B.GĐNM thông qua - Note các vị trí cải tạo gửi đầu mối P.HCQT - Khảo sát các tuyến cần âm cáp - Chuyển nội dung công việc thực hiện cải tạo về P.HCQT - KH tuần tiếp theo kháo sát tuyến âm cáp | K36: Không thay đổi trong tuần
B37: IV. CÔNG TÁC TPM
B38: Xử lý thẻ đỏ từ AM
B39: Tổng hạng mục | D39: 203
B40: Hoàn thành | D40: 187
B41: Tồn đọng | D41: 17
B42: Tỷ trọng hoàn thành | D42: =D40/D39 -> 0.92118227
B43: Phát sinh trong tuần | D43: 0
B44: Thực hiện trong tuần | D44: 0
B45: V. CÁC HẠNG MỤC SỬA CHỮA ĐỘT XUẤT TRONG TUẦN
B46: TT | C46: Hạng mục công việc | D46: Tình trạng sự cố | H46: Kết quả | I46: Nội dung thực hiện xử lý | J46: Nhóm thiết bị | K46: Ghi chú
B47: 1 | C47: =BC_LĐNM!B2 -> 06PXT-0250B | D47: =BC_LĐNM!C2 -> Thiết bị đo áp bị dao động cao ( tồn đọng) | H47: =BC_LĐNM!E2 -> Đạt | I47: =BC_LĐNM!F2 -> Nguyên nhân: Bộ D/A lỗi. Thực hiện: 14/5 :Kiểm tra giá trị đo áp có xung tăng giảm liên tục. Tiến hành MOS giá trị (HH&LL) trên ESD.Kiểm tra tại site vent không phát hiện bất thường. 15/5 PV dao động mạnh, kiểm tra bộ D/A dao động, tiến hành nhận vật tư, test report transmitter mới. 16/5: Thay mới transmitter, loop test , report cùng VH, thiết bị hoạt động bình thường, bàn giao VH Kết quả: Thiết bị hoạt động bình thường, bàn giao VH, bỏ bypass tín hiệu LL, HH theo yêu cầu vận hành sau khi theo dõi thấy ổn. Thiết bị hoạt động bình thường, bàn giao VH
B48: 2 | C48: =BC_LĐNM!B3 -> Z08301A/B | D48: =BC_LĐNM!C3 -> VH báo off nguồn PLC | H48: =BC_LĐNM!E3 -> Đạt | I48: =BC_LĐNM!F3 -> Nguyên nhân : Thực hiện theo y/c VH. Thực hiện: Theo y/c VH off nguồn PLC cho VH vệ sinh, sau khi vệ sinh xong tiến hành On lại nguồn. Thiết bị hoạt động bình thường, bàn giao ĐVVH. Kết quả: Thiết bị hoạt động bình thường, bàn giao ĐVVH.
B49: 3 | C49: =BC_LĐNM!B4 -> 06AT-1103 | D49: =BC_LĐNM!C4 -> VH báo hết khi Argon | H49: =BC_LĐNM!E4 -> Đạt | I49: =BC_LĐNM!F4 -> Nguyên nhân : Hết khí Argon Thực hiện: Quan sát thấy hết khí Argon, tổ Phân tích hỗ trợ online- lấy chay khí kho WEC lên thay, phối hợp An toàn vận chuyển 2 chai khí đến vi trí chai khí dự phòng và thay thế. Thiết bị hoạt động bình thường, bàn giao ĐVVH. Kết quả: Thiết bị hoạt động bình thường, bàn giao ĐVVH.
B50: 4 | C50: =BC_LĐNM!B5 -> 04TT-3011 | D50: =BC_LĐNM!C5 -> Thiết bị Alarm I.O.P sau đó recover lại Normal | H50: =BC_LĐNM!E5 -> Đạt | I50: =BC_LĐNM!F5 -> Nguyên nhân : Chưa rõ nguyên nhân, nghi lão hóa trans Thực hiện: Kiểm tra đo áp Vcc= 13,4Vdc, TC K~ 51,2 degC, transmitter TH400, ragne : 0~100 degC, looptest sai số trong phạm vi = 0.8decC. Tiếp địa bình thường . Chưa phát hiện bất thường ở thiết bị, bàn giao VH theo dõi thêm. Kết quả: Chưa phát hiện bất thường ở thiết bị, bàn giao VH theo dõi thêm.
B51: 5 | C51: =BC_LĐNM!B6 -> L08202B | D51: =BC_LĐNM!C6 -> VH báo bể ống khí | H51: =BC_LĐNM!E6 -> Đạt | I51: =BC_LĐNM!F6 -> Nguyên nhân : Lão hóa, bể ống khí Thực hiện: Kiểm tra thấy ống khí cấp làm mát cho tủ ĐK bị bể, tiến hành sử dụng vật tư dự phòng thay thế. Thiết bị hoạt động bình thường, bàn giao ĐVVH. Kết quả: Thiết bị hoạt động bình thường, bàn giao ĐVVH.
B52: 6 | C52: =BC_LĐNM!B7 -> Camera 44/45/46/47 | D52: =BC_LĐNM!C7 -> An Toàn báoCamera 44/45/46/47 khu vực phía sau nhà đóng bao NPK | H52: =BC_LĐNM!E7 -> Chưa đạt | I52: =BC_LĐNM!F7 -> Nguyên nhân : Không cón tín hiệu truyền thông quang. Thực hiện: Kiểm tra các tủ box đấu nối thì phát hiện không có tín hiệu truyền thông quang, chưa rõ nguyên nhân. An Toàn đã thông tin nhà thầu kiểm tra lại Kết quả: Hiện camera chưa lên hình, An Toàn đã thông tin nhà thầu kiểm tra lại .
B53: 7 | C53: =BC_LĐNM!B8 -> L48002C | D53: =BC_LĐNM!C8 -> VH báo bao ngã cong support sensor | H53: =BC_LĐNM!E8 -> Đạt | I53: =BC_LĐNM!F8 -> Nguyên nhân : Bao ngã làm ảnh hưởng. Thực hiện: Quan sát thấy bao đổ ngã trúng, làm cong support sensor SG10, tiến hành nắn lại support và điều chỉnh lại vị trí sensor cho phù hợp. Thiết bị hoạt động bình thường, bàn giao ĐVVH. Kết quả: Thiết bị hoạt động bình thường, bàn giao ĐVVH.
B54: 8 | C54: =BC_LĐNM!B9 -> W48001E | D54: =BC_LĐNM!C9 -> VH báo cân đối chứng lỗi. | H54: =BC_LĐNM!E9 -> Đạt | I54: =BC_LĐNM!F9 -> Nguyên nhân : Nghi ngờ đầu cân treo tín hiệu. Thực hiện: Quan sát thấy cân sai ký so với thực tế, tiến hành zero và calib thiết bị thì luôn treo giá trị âm và giá trị khác so với tải chuẩn. Tiến hành reset lại nguồn và PLC, sau khi reset, thiết bị hoạt động bình thường, bàn giao ĐVVH. Kết quả: Thiết bị hoạt động bình thường, bàn giao ĐVVH.
B55: 9 | C55: =BC_LĐNM!B10 -> Van số 3 xuất hàng xá | D55: =BC_LĐNM!C10 -> VH báo rò van và không mở được. | H55: =BC_LĐNM!E10 -> Đạt | I55: =BC_LĐNM!F10 -> Nguyên nhân : Rò van xoay tay Thực hiện: Quan sát thấy van rò khí lớn và không mở được cửa đạm, tiến hành tháo vệ sinh làm kín các ron và thiết bị. Sau khi lắp lại test cùng VH, thiết bị hoạt động bình thường, bàn giao ĐVVH. Kết quả: Thiết bị hoạt động bình thường, bàn giao ĐVVH.
B56: 10 | C56: =BC_LĐNM!B11 -> 06PI-2258 | D56: =BC_LĐNM!C11 -> Giá trị đo sai (35 bar so với giá trị VH bình thường là 40 bar) . | H56: =BC_LĐNM!E11 -> Chưa đạt | I56: =BC_LĐNM!F11 -> Nguyên nhân : Chưa biết nguyên nhân . Thực hiện: Quan sát thấy thiết bị đo sai với thực tế, tiến hành thực hiện theo y/c VH tháo 06PI-2257 sang lắp thay thế cho 06PI-2258. Hiện tại 06PI-2258 đem về phòng trực ca, chuyển ca ngày 18/5 đầu tuần mang sang Tổ HC kiểm tra lại. Kết quả: Chuyển ca ngày 18/5 đầu tuần mang sang Tổ HC kiểm tra lại.
B57: 11 | C57: =BC_LĐNM!B12 -> WT48001E | D57: =BC_LĐNM!C12 -> Cân đối chứng dư ký | H57: =BC_LĐNM!E12 -> Đạt | I57: =BC_LĐNM!F12 -> Nguyên nhân: Lệch zero Thực hiện: Kiểm tra cân sai ký do lệch zero 200g. Kiểm tra các điều kiện bình thường tiến hành zero lại đầu cân. Cân đã hoạt động đúng. Kết quả: Thiết bị hoạt động bình thường.
B58: 12 | C58: =BC_LĐNM!B13 -> 48XS-0048A | D58: =BC_LĐNM!C13 -> Vận hành báo băng tải V48016A báo lệch trên hệ thống | H58: =BC_LĐNM!E13 -> Đạt | I58: =BC_LĐNM!F13 -> Nguyên nhân: Do switch lệch băng tải hỏng. Thực hiện: Kiểm tra switch lệch băng tải kẹt cứng do rỉ sét không còn đàn hồi. Điều chỉnh lạ điểm không báo alarm. Thông báo vận hành kiểm soát độ lệch, ca ngày 18/5 sẽ nhận vật tư thay thế. Kết quả: Switch mất đàn hồi
... B140: 94 | C140: =BC_LĐNM!B95 -> 0 | D140: =BC_LĐNM!C95 -> 0 | H140: =BC_LĐNM!E95 -> 0 | I140: =BC_LĐNM!F95 -> 0
B141: 95 | C141: =BC_LĐNM!B96 -> 0 | D141: =BC_LĐNM!C96 -> 0 | H141: =BC_LĐNM!E96 -> 0 | I141: =BC_LĐNM!F96 -> 0 | K141: =BC_LĐNM!H71 -> 0
B142: 96 | C142: =BC_LĐNM!B97 -> 0 | D142: =BC_LĐNM!C97 -> 0 | H142: =BC_LĐNM!E97 -> 0 | I142: =BC_LĐNM!F97 -> 0 | K142: =BC_LĐNM!H72 -> 0
B143: 97 | C143: =BC_LĐNM!B98 -> 0 | D143: =BC_LĐNM!C98 -> 0 | H143: =BC_LĐNM!E98 -> 0 | I143: =BC_LĐNM!F98 -> 0 | K143: =BC_LĐNM!H73 -> 0
B144: 98 | C144: =BC_LĐNM!B99 -> 0 | D144: =BC_LĐNM!C99 -> 0 | H144: =BC_LĐNM!E99 -> 0 | I144: =BC_LĐNM!F99 -> 0 | K144: =BC_LĐNM!H74 -> 0
B145: 99 | C145: =BC_LĐNM!B100 -> 0 | D145: =BC_LĐNM!C100 -> 0 | H145: =BC_LĐNM!E100 -> 0 | I145: =BC_LĐNM!F100 -> 0 | K145: =BC_LĐNM!H75 -> 0
B146: 100 | C146: =BC_LĐNM!B101 -> 0 | D146: =BC_LĐNM!C101 -> 0 | H146: =BC_LĐNM!E101 -> 0 | I146: =BC_LĐNM!F101 -> 0 | K146: =BC_LĐNM!H76 -> 0
B147: 101 | C147: 0 | H147: =BC_LĐNM!E102 -> 0 | I147: =BC_LĐNM!F102 -> 0 | K147: =BC_LĐNM!H77 -> 0
B148: 102 | C148: 0 | H148: =BC_LĐNM!E103 -> 0 | I148: =BC_LĐNM!F103 -> 0 | K148: =BC_LĐNM!H78 -> 0
B149: 103 | C149: 0 | H149: =BC_LĐNM!E104 -> 0 | I149: =BC_LĐNM!F104 -> 0 | K149: =BC_LĐNM!H79 -> 0
B150: 104 | C150: 0 | H150: =BC_LĐNM!E105 -> 0 | I150: =BC_LĐNM!F105 -> 0 | K150: =BC_LĐNM!H80 -> 0
B151: 105 | C151: 0 | H151: =BC_LĐNM!E106 -> 0 | I151: =BC_LĐNM!F106 -> 0 | K151: =BC_LĐNM!H81 -> 0
B152: 106 | C152: 0 | H152: =BC_LĐNM!E107 -> 0 | I152: =BC_LĐNM!F107 -> 0 | K152: =BC_LĐNM!H82 -> 0
B153: 107 | C153: 0 | H153: =BC_LĐNM!E108 -> 0 | I153: =BC_LĐNM!F108 -> 0 | K153: =BC_LĐNM!H83 -> 0
B154: 108 | C154: 0 | H154: =BC_LĐNM!E109 -> 0 | I154: =BC_LĐNM!F109 -> 0 | K154: =BC_LĐNM!H84 -> 0
B155: 109 | C155: 0 | H155: =BC_LĐNM!E110 -> 0 | I155: =BC_LĐNM!F110 -> 0 | K155: =BC_LĐNM!H85 -> 0
B156: 110 | C156: 0 | H156: =BC_LĐNM!E111 -> 0 | I156: =BC_LĐNM!F111 -> 0 | K156: =BC_LĐNM!H86 -> 0
B157: 111 | C157: 0 | H157: =BC_LĐNM!E112 -> 0 | I157: =BC_LĐNM!F112 -> 0 | K157: =BC_LĐNM!H87 -> 0
B158: 112 | C158: 0 | H158: =BC_LĐNM!E113 -> 0 | I158: =BC_LĐNM!F113 -> 0 | K158: =BC_LĐNM!H88 -> 0
... B167: 121 | C167: 0 | H167: =BC_LĐNM!E122 -> 0 | I167: =BC_LĐNM!F122 -> 0 | K167: =BC_LĐNM!H97 -> 0
B169: V. ĐỀ XUẤT, KIẾN NGHỊ
B170: TT | C170: Nội dung | G170: Kiến nghị/đề xuất | K170: Ghi chú
C171: Không
B172: VI. KẾ HOẠCH TUẦN TIẾP THEO
B173: 1 | C173: Thực hiện công tác BDĐK theo kế hoạch tháng 05/2026 | K173: 46173
B174: 2 | C174: Tiếp tục thực hiện các hạng mục công việc tồn đọng ở trên | K174: N/A
B175: 3 | C175: Tiếp tục triển khai đơn hàng mua sắm 2026 | K175: N/A
B176: 4 | C176: Triển khai thực hiện các cải tiến/cải tạo/dịch vụ theo kế hoạch năm 2026 | K176: N/A
B177: 5 | C177: Quản trị rủi ro thiết bị hệ thống điều khiển | K177: 46171
B183: Nơi nhận: - P.GĐNM phụ trách (b/c); - P.TGĐ, Ban GĐNM, Các đơn vị Xưởng VH, BD (đ/b); - Phòng KTBD (p/h); - Các Đội trưởng BD, Tổ trưởng (t/h)
B184: Lưu:
B185: - Trần Tuyết Quyên

Sheet Dashboard
B122: STT | C122: Hạng mục công việc | I122: Tình trạng sự cố | M122: Nội dung thực hiện xử lý
B123: 1 | C123: =BC_LĐNM!J2 -> Camera 44/45/46/47 | I123: =BC_LĐNM!K2 -> An Toàn báoCamera 44/45/46/47 khu vực phía sau nhà đóng bao NPK | M123: =BC_LĐNM!L2 -> Nguyên nhân : Không cón tín hiệu truyền thông quang. Thực hiện: Kiểm tra các tủ box đấu nối thì phát hiện không có tín hiệu truyền thông quang, chưa rõ nguyên nhân. An Toàn đã thông tin nhà thầu kiểm tra lại Kết quả: Hiện camera chưa lên hình, An Toàn đã thông tin nhà thầu kiểm tra lại .
B124: 2 | C124: =BC_LĐNM!J3 -> 06PI-2258 | I124: =BC_LĐNM!K3 -> Giá trị đo sai (35 bar so với giá trị VH bình thường là 40 bar) . | M124: =BC_LĐNM!L3 -> Nguyên nhân : Chưa biết nguyên nhân . Thực hiện: Quan sát thấy thiết bị đo sai với thực tế, tiến hành thực hiện theo y/c VH tháo 06PI-2257 sang lắp thay thế cho 06PI-2258. Hiện tại 06PI-2258 đem về phòng trực ca, chuyển ca ngày 18/5 đầu tuần mang sang Tổ HC kiểm tra lại. Kết quả: Chuyển ca ngày 18/5 đầu tuần mang sang Tổ HC kiểm tra lại.
B125: 3 | C125: =BC_LĐNM!J4 -> 48XS-0048A | I125: =BC_LĐNM!K4 -> Hỏng switch lệch băng | M125: =BC_LĐNM!L4 -> Nguyên nhân: Hỏng switch lệch băng Thực hiện: Kiểm tra băng tải hỏng switch lệch băng, thực hiện nhận vật tư mới thay thế, tuy nhiên do nhu cầu xuất hàng ĐVCQ chưa dừng được, chuyển ca sau phối hợp xử lý Kết quả: Đã nhận thiết bị mới về phòng ca, chuyển ca sau thực hiện thay thế khi có cơ hội
B126: 4 | C126: =BC_LĐNM!J5 -> 0 | I126: =BC_LĐNM!K5 -> 0 | M126: =BC_LĐNM!L5 -> 0
B127: 5 | C127: =BC_LĐNM!J6 -> 0 | I127: =BC_LĐNM!K6 -> 0 | M127: =BC_LĐNM!L6 -> 0
B128: 6 | C128: =BC_LĐNM!J7 -> 0 | I128: =BC_LĐNM!K7 -> 0 | M128: =BC_LĐNM!L7 -> 0
B129: 7 | C129: =BC_LĐNM!J8 -> 0 | I129: =BC_LĐNM!K8 -> 0 | M129: =BC_LĐNM!L8 -> 0
B130: =ROW()-89 -> 41 | C130: =BC_LĐNM!J9 -> 0 | I130: =BC_LĐNM!K9 -> 0 | M130: =BC_LĐNM!L9 -> 0
B131: =ROW()-89 -> 42 | C131: =BC_LĐNM!J10 -> 0 | I131: =BC_LĐNM!K10 -> 0 | M131: =BC_LĐNM!L10 -> 0
A132: i | B132: =ROW()-89 -> 43 | C132: =BC_LĐNM!J11 -> 0 | I132: =BC_LĐNM!K11 -> 0 | M132: =BC_LĐNM!L11 -> 0
B133: =ROW()-89 -> 44 | C133: =BC_LĐNM!J12 -> 0 | I133: =BC_LĐNM!K12 -> 0 | M133: =BC_LĐNM!L12 -> 0
B134: =ROW()-89 -> 45 | C134: =BC_LĐNM!J13 -> 0 | I134: =BC_LĐNM!K13 -> 0 | M134: =BC_LĐNM!L13 -> 0
B135: =ROW()-89 -> 46 | C135: =BC_LĐNM!J14 -> 0 | I135: =BC_LĐNM!K14 -> 0 | M135: =BC_LĐNM!L14 -> 0
B136: =ROW()-89 -> 47 | C136: =BC_LĐNM!J15 -> 0 | I136: =BC_LĐNM!K15 -> 0 | M136: =BC_LĐNM!L15 -> 0
B137: =ROW()-89 -> 48 | C137: =BC_LĐNM!J16 -> 0 | I137: =BC_LĐNM!K16 -> 0 | M137: =BC_LĐNM!L16 -> 0
B139: STT | C139: Hạng mục công việc | I139: Tình trạng sự cố | M139: Nội dung thực hiện xử lý
B140: 1 | C140: =DATA_BC_TUAN!T2 -> 48XS-0044A | I140: =DATA_BC_TUAN!U2 -> Hỏng switch lệch băng | M140: =DATA_BC_TUAN!V2 -> Nguyên nhân: Thực hiện theo yêu cầu Thực hiện: Gia cố lại Switch theo yêu cầu. Kết quả: Đã thực hiện theo yêu cầu, bàn giao ĐVCQ
B141: 2 | C141: =DATA_BC_TUAN!T3 -> V48016D | I141: =DATA_BC_TUAN!U3 -> Hỏng switch lệch băng (giao ca) | M141: =DATA_BC_TUAN!V3 -> Nguyên nhân: Hỏng switch lệch băng Thực hiện: Ca ngày 18/05/2025: Kiểm tra băng tải hỏng switch lệch băng, thực hiện nhận vật tư mới thay thế, tuy nhiên do nhu cầu xuất hàng ĐVCQ chưa dừng được, chuyển ca sau phối hợp xử lý. Ca ngày 19/05/2025: Sau khi kiểm tra thiết bị đang hoạt động tốt, bàn giao ĐVVH theo dõi thêm. Kết quả: Thiết bị hoạt động bình thường. Bàn giao ĐVVH
B142: 3 | C142: =DATA_BC_TUAN!T4 -> V48016A 48XS-0048A | I142: =DATA_BC_TUAN!U4 -> Hỏng switch lệch băng (giao ca) | M142: =DATA_BC_TUAN!V4 -> Nguyên nhân: Hỏng switch lệch băng Thực hiện: Ca ngày 18/05/2025: Kiểm tra băng tải hỏng switch lệch băng, thực hiện nhận vật tư mới thay thế, tuy nhiên do nhu cầu xuất hàng ĐVCQ chưa dừng được, chuyển ca sau phối hợp xử. Ca ngày 19/05/2025: Sau khi VH dừng băng tải, tiến hành thay mới từ thiết bị, đưa vào hoạt động. Kết quả: Thiết bị hoạt động bình thường. Bàn giao ĐVVH
B143: 4 | C143: =DATA_BC_TUAN!T5 -> 04PDT-3057 | I143: =DATA_BC_TUAN!U5 -> Rò khớp nối (giao ca) | M143: =DATA_BC_TUAN!V5 -> Nguyên nhân: Chưa rõ nguyên nhân Thực hiện: Ca ngày 18/05/2026: Kiểm tra phát hiện rò khớp nối, thực hiện siết không hết rò, thiết bị không tháo được do vướng mặt bích thiết bị đo áp, chuyển ca sau tìm giải pháp xử lý. Ca Ngày 19/05/2026: Tiếp tục kiểm tra siết rò đưa thiết bị vào hoạt động. Kết quả: Thiết bị hoạt động bình thường. Bàn giao ĐVCQ
B144: 5 | C144: =DATA_BC_TUAN!T6 -> 40PI-2013 | I144: =DATA_BC_TUAN!U6 -> Lắp lại theo yêu cầu | M144: =DATA_BC_TUAN!V6 -> Nguyên nhân: Thực hiện theo yêu cầu VH Thực hiện: Kiểm tra thực hiện lắp PI theo yêu cầu sau khi VH thực hiện xong công việc Kết quả: Thiết bị đã lắp lại theo yêu cầu, bàn giao ĐVCQ.
B145: 6 | C145: =DATA_BC_TUAN!T7 -> 06VT-2123B | I145: =DATA_BC_TUAN!U7 -> VH báo giá trị độ rung cao 0.8-1.2 mm/s trong khi pump P06101B đang dừng | M145: =DATA_BC_TUAN!V7 -> Nguyên nhân: Barrier lỗi Thực hiện: Ngày 19/5 Kiểm tra đầu dò độ rung cao hơn so với các đầu dò khác 1,8xxmm/s mặc dù bơm đang dừng. Kiểm tra lịch sử đầu dò và barrier mới thay trong BDTT 2025, nhưng dây extension chưa thay, đánh giá trao đổi cùng planner và tổ chuyên môn lấy vật tư dây extension thay thế để loại trừ. Giá trị đã về 0,8xx mm/s sau khi thay thế. Ngày 20/5 Đánh giá chỉ còn barrier chưa thay khả năng barrier là cao. Nhận thay barier mới thay thế. Sau khi thay giá trị bộ rung về 0.06 mm/s. Kết quả: Thiết bị hoạt động bình thường.
B146: 7 | C146: =DATA_BC_TUAN!T8 -> 04PV-4251 CO2 Chiller | I146: =DATA_BC_TUAN!U8 -> Valve bị kẹt 0~5% | M146: =DATA_BC_TUAN!V8 -> Nguyên nhân: Travel lệch Thực hiện: Kiểm tra MV= 0~5% valve không di chuyển ty, output posit không có, tuy nhiên từ ~4.5% thì output posit có tác động và ti valve di chuyển. Dùng Hart kiểm tra thì travel lệch 5.1% ở 3.99mA. Tiến hành calib lại travel, valve hoạt động đúng, đáp ứng bình thường, bàn giao VH. Kết quả: Valve đáp ứng bình thường, bàn giao VH
B147: 8 | C147: =DATA_BC_TUAN!T9 -> 0 | I147: =DATA_BC_TUAN!U9 -> 0 | M147: =DATA_BC_TUAN!V9 -> 0
B148: 9 | C148: =DATA_BC_TUAN!T10 -> 0 | I148: =DATA_BC_TUAN!U10 -> 0 | M148: =DATA_BC_TUAN!V10 -> 0
B149: 10 | C149: =DATA_BC_TUAN!T11 -> 0 | I149: =DATA_BC_TUAN!U11 -> 0 | M149: =DATA_BC_TUAN!V11 -> 0
B150: 11 | C150: =DATA_BC_TUAN!T12 -> 0 | I150: =DATA_BC_TUAN!U12 -> 0 | M150: =DATA_BC_TUAN!V12 -> 0
B151: 12 | C151: =DATA_BC_TUAN!T13 -> 0 | I151: =DATA_BC_TUAN!U13 -> 0 | M151: =DATA_BC_TUAN!V13 -> 0
... B154: 15 | C154: =DATA_BC_TUAN!T16 -> 0 | I154: =DATA_BC_TUAN!U16 -> 0 | M154: =DATA_BC_TUAN!V16 -> 0
B380: STT | C380: Hạng mục công việc | AH380: Thời gian hoàn thành
B381: 1 | C381: ='21'!C173 -> Thực hiện công tác BDĐK theo kế hoạch tháng 05/2026 | AH381: ='21'!K173 -> 46173
B382: 2 | C382: ='21'!C174 -> Tiếp tục thực hiện các hạng mục công việc tồn đọng ở trên | AH382: ='21'!K174 -> N/A
B383: 3 | C383: ='21'!C175 -> Tiếp tục triển khai đơn hàng mua sắm 2026 | AH383: ='21'!K175 -> N/A
B384: 4 | C384: ='21'!C176 -> Triển khai thực hiện các cải tiến/cải tạo/dịch vụ theo kế hoạch năm 2026 | AH384: ='21'!K176 -> N/A
B385: 5 | C385: ='21'!C177 -> Quản trị rủi ro thiết bị hệ thống điều khiển | AH385: ='21'!K177 -> 46171
B386: 6 | C386: ='21'!C178 -> 0 | AH386: ='21'!K178 -> 0
B387: 7 | C387: ='21'!C179 -> 0 | AH387: ='21'!K179 -> 0
B388: 8 | C388: ='21'!C180 -> 0 | AH388: ='21'!K180 -> 0
B389: 9 | C389: ='21'!C181 -> 0 | AH389: ='21'!K181 -> 0
B390: 10 | C390: ='21'!#REF! -> #REF! | AH390: ='21'!#REF! -> #REF!
B391: 11 | C391: ='21'!C183 -> 0 | AH391: ='21'!K183 -> 0
B392: 12 | C392: ='21'!C184 -> 0 | AH392: ='21'!K184 -> 0

Sheet Data
F2: Tồn đọng (HM)
B3: T5 | C3: ='21'!G12 -> 1180 | D3: ='21'!F12 -> 937 | E3: =D3/C3 -> 0.7940678 | F3: =C3-D3 -> 243
H5: Ngày còn lại trong tháng
A6: BD ĐK | B6: Tháng | C6: Kế hoạch | D6: Thực hiện | E6: % HT | F6: Tồn đọng (HM) | H6: =EOMONTH(TODAY(),0)-TODAY()+1 -> 10
B7: T1 | C7: 1759 | D7: 1695 | E7: =D7/C7 -> 0.96361569 | F7: =C7-D7 -> 64
B8: T2 | C8: 1077 | D8: 1077 | E8: =D8/C8 -> 1 | F8: =C8-D8 -> 0
B9: T3 | C9: 1394 | D9: 1341 | E9: =D9/C9 -> 0.96197991 | F9: =C9-D9 -> 53
B10: T4 | C10: 1424 | D10: 1399 | E10: =D10/C10 -> 0.98244382 | F10: =C10-D10 -> 25
B11: T5 | C11: =C3 -> 1180 | D11: =D3 -> 937 | E11: =D11/C11 -> 0.7940678 | F11: =C11-D11 -> 243
B12: T6 | C12: 0 | D12: 0 | E12: =D12/C12 -> #DIV/0! | F12: =C12-D12 -> 0
B13: T7 | C13: 0 | D13: 0 | E13: =D13/C13 -> #DIV/0! | F13: =C13-D13 -> 0
B14: T8 | C14: 0 | D14: 0 | E14: =D14/C14 -> #DIV/0! | F14: =C14-D14 -> 0
B15: T9 | C15: 0 | D15: 0 | E15: =D15/C15 -> #DIV/0! | F15: =C15-D15 -> 0
B16: T10 | C16: 0 | D16: 0 | E16: =D16/C16 -> #DIV/0! | F16: =C16-D16 -> 0
B17: T11 | C17: 0 | D17: 0 | E17: =D17/C17 -> #DIV/0! | F17: =C17-D17 -> 0
B18: T12 | C18: 0 | D18: 0 | E18: =D18/C18 -> #DIV/0! | F18: =C18-D18 -> 0
C19: =SUM(C7:C18) -> 6834 | D19: =SUM(D7:D18) -> 6449 | E19: =D19/C19 -> 0.94366403 | F19: =C19-D19 -> 385
A22: Tháng 5 | B22: Tuần 19 | D22: 333
B23: Tuần 20 | D23: 346
B24: Tuần 21 | D24: ='21'!E12 -> 258
B25: Tuần 22 | D25: 0
D27: Yêu cầu thực hiện | E27: Đạt | F27: Chưa Đạt | G27: Theo dõi
A28: SCĐX | B28: Tuần | C28: 21 | D28: =COUNTIF(BC_LĐNM!B2:B475,"*") -> 64 | E28: =D28-(F28+G28) -> 61 | F28: =BC_LĐNM!K1 -> 3 | G28: =COUNTIFS(BC_LĐNM!D:D,C28,BC_LĐNM!E:E,"Theo dõi*") -> 0 | H28: =E28/D28 -> 0.953125
D29: Hạng mục | E29: Đạt | F29: % HT
A30: T5 | B30: Tuần 19 | D30: 100 | E30: 92 | F30: =E30/D30 -> 0.92
B31: Tuần 20 | D31: 71 | E31: 68 | F31: =E31/D31 -> 0.95774648
B32: Tuần 21 | D32: 64 | E32: 61 | F32: =E32/D32 -> 0.953125
B33: Tuần 22 | F33: =E33/D33 -> #DIV/0!
A34: Lũy kế năm
B35: Tháng | C35: Hạng mục | D35: Đạt | E35: % HT
B36: T1 | C36: 230 | D36: 224 | E36: =(D36+G36)/C36 -> 0.97391304
B37: T2 | C37: 192 | D37: 174 | E37: =(D37+G37)/C37 -> 0.90625
B38: T3 | C38: 326 | D38: 311 | E38: =IFERROR((D38+G38)/C38,"") -> 0.95398773
B39: T4 | C39: 356 | D39: 335 | E39: =IFERROR((D39+G39)/C39,"") -> 0.94101124
B40: T5 | C40: =SUM(D30:D33) -> 235 | D40: =SUM(E30:E33) -> 221 | E40: =IFERROR((D40+G40)/C40,"") -> 0.94042553
B41: T6 | C41: 0 | D41: 0 | E41: =IFERROR((D41+G41)/C41,"")
B42: T7 | C42: 0 | D42: 0 | E42: =IFERROR((D42+G42)/C42,"")
B43: T8 | C43: 0 | D43: 0 | E43: =IFERROR((D43+G43)/C43,"")
B44: T9 | C44: 0 | D44: 0 | E44: =IFERROR((D44+G44)/C44,"")
B45: T10 | C45: 0 | D45: 0 | E45: =IFERROR((D45+G45)/C45,"")
B46: T11 | C46: 0 | D46: 0 | E46: =IFERROR((D46+G46)/C46,"")
B47: T12 | C47: 0 | D47: 0 | E47: =IFERROR((D47+G47)/C47,"")
C48: =SUM(C36:C47) -> 1339 | D48: =SUM(D36:D47) -> 1265 | E48: =(D48+G48)/C48 -> 0.94473488
A53: KNL KTV BDSC TBHTĐK | B53: 1
A54: KNL KTV BDSC TBĐL | B54: 1
A55: KNL KTV BDSC TBCH | B55: 1
A56: KNL KTV BDSC TCĐK | B56: 0.5
A57: KNL KS BDSC TBHTĐK | B57: 0.5
A58: KNL KS BDSC TBĐL | B58: 0
A59: KNL KS BDSC TBCH | B59: 0
A60: KNL KS TBHTĐK | B60: 0

Sheet DATA_BC_TUAN
A1: STT | B1: HANG_MUC | C1: Số WR | D1: GPLV | E1: CUM_CONG_NGHE | F1: NHOM_CHUYEN_MON | G1: THONG_TIN_TU_VH | H1: LOAI_HINH_CV | I1: NOI_DUNG_THUC_HIEN | J1: NGUYEN_NHAN | K1: NGUYEN_NHAN_GOC | L1: PHAN_LOAI_NGUYEN_NHAN | M1: TUAN | N1: NGAY_THUC_HIEN | O1: MAN_HOURS | P1: KQ | Q1: TO_THUC_HIEN | R1: GC | T1: 21 | U1: =COUNTIF(T:T,"*") -> 7 | V1: Tồn đọng đã XL
A2: 1 | B2: V48016B | C2: N/A | D2: 6280/LVC | E2: SAN PHAM | F2: DK-SAN PHAM | G2: Đứt dây safety rope | H2: SCĐX | I2: Nguyên nhân: Dây safety rope mục đứt thời gian sử dụng lâu. Thực hiện: Kiểm tra dây safety rope đã được nối nhiều đoạn. Mục không đảm bảo an toàn. Lấy dây mới thay thế. Kết quả: Dây đẫ được thay mới | M2: 1 | N2: 46018 | O2: 1 | P2: Đạt | Q2: Kíp IV | R2: Kíp IV Ca Ngày | T2: {=_xlfn._xlws.FILTER(B:B,(H:H="XLTĐ")*(M:M=T1)*(P:P="Đạt"))} -> 48XS-0044A | U2: {=_xlfn._xlws.FILTER(G:G,(H:H="XLTĐ")*(M:M=T1)*(P:P="Đạt"))} -> Hỏng switch lệch băng | V2: {=_xlfn._xlws.FILTER(I:I,(H:H="XLTĐ")*(M:M=T1)*(P:P="Đạt"))} -> Nguyên nhân: Thực hiện theo yêu cầu Thực hiện: Gia cố lại Switch theo yêu cầu. Kết quả: Đã thực hiện theo yêu cầu, bàn giao ĐVCQ
A3: =A2+1 -> 2 | B3: L48002C | C3: N/A | D3: 6280/LVC | E3: SAN PHAM | F3: DK-SAN PHAM | G3: robot xếp bao không chuẩn làm đổ bao trên pallet | H3: SCĐX | I3: Nguyên nhân: 2 ngàm kẹp bao đóng mở không đều Thực hiện: Kiểm tra phát hiện 2 ngàm kẹp bao đóng mở không đều nên khi xếp bao vào pallet không chuẩn vị trí trên pallet làm đổ bao. Đã chỉnh lại lưu lượng khí vào piston đều nhau. Kết quả: Robot đã xếp bao chuẩn. | M3: 1 | N3: 46018 | O3: 1 | P3: Đạt | Q3: Kíp IV | R3: Kíp IV Ca Ngày | T3: V48016D | U3: Hỏng switch lệch băng (giao ca) | V3: Nguyên nhân: Hỏng switch lệch băng Thực hiện: Ca ngày 18/05/2025: Kiểm tra băng tải hỏng switch lệch băng, thực hiện nhận vật tư mới thay thế, tuy nhiên do nhu cầu xuất hàng ĐVCQ chưa dừng được, chuyển ca sau phối hợp xử lý. Ca ngày 19/05/2025: Sau khi kiểm tra thiết bị đang hoạt động tốt, bàn giao ĐVVH theo dõi thêm. Kết quả: Thiết bị hoạt động bình thường. Bàn giao ĐVVH
A4: =A3+1 -> 3 | B4: W48001B | C4: N/A | D4: 6280/LVC | E4: SAN PHAM | F4: DK-SAN PHAM | G4: VH báo cân đối chứng trip liên tục mặc dù bao đủ ký ( tồn đọng) | H4: SCĐX | I4: Nguyên nhân: Chưa tìm nguyên nhân gốc Thực hiện: Đêm 26/12 Kiểm tra cân đối chứng bao đi qua thì dừng, cân lại bao vẫn đủ ký. Calib lại cân, cân chỉnh đầu dò tuy nhiên vẫn dừng không có lý do. Tạm thời thay đầu cân W100 spare, cài đặt lại thông số đầu cân, zero và calib lại cân, đưa cân vào hoạt động. Ngày 27/12 Thay đầu cân từ line B NPK sang cài lại thông số đầu cân đóng bao được buổi sáng. Chiều lại lỗi tiếp, kiểm tra sensor, giá trị cài đều bình thường nhưng cân vẫn trip báo sai ký. Kéo bao đạm cân lại thì đúng ký. Vẫn chưa tìm ra nguyên nhân chuyển ca sau xử lý tiếp Kết quả: Cân đối chứng vẫn còn sai | M4: 1 | N4: 46018 | O4: 5 | P4: Chưa đạt | Q4: Kíp IV | R4: Kíp IV Ca Ngày | T4: V48016A 48XS-0048A | U4: Hỏng switch lệch băng (giao ca) | V4: Nguyên nhân: Hỏng switch lệch băng Thực hiện: Ca ngày 18/05/2025: Kiểm tra băng tải hỏng switch lệch băng, thực hiện nhận vật tư mới thay thế, tuy nhiên do nhu cầu xuất hàng ĐVCQ chưa dừng được, chuyển ca sau phối hợp xử. Ca ngày 19/05/2025: Sau khi VH dừng băng tải, tiến hành thay mới từ thiết bị, đưa vào hoạt động. Kết quả: Thiết bị hoạt động bình thường. Bàn giao ĐVVH
A5: =A4+1 -> 4 | B5: 27LT-0001 | C5: N/A | D5: 6149/LCV | E5: UTILITY | F5: DK-AMLL | G5: Giá trị dao động. | H5: SCĐX | I5: Nguyên nhân: Do lắp đặt gần thành bể nghi nhiễu sóng rada Thực hiện: Kiểm tra vị trí lắp đặt transmitter rada gần thành bể nghi nhiễn sóng rada. Gia công vị trí pát bắt transmitter mới di dời điểm đo phù hợp. Kết quả: Transmitter đã hết dao động | M5: 1 | N5: 46018 | O5: 2 | P5: Đạt | Q5: Kíp IV | R5: Kíp IV Ca Ngày | T5: 04PDT-3057 | U5: Rò khớp nối (giao ca) | V5: Nguyên nhân: Chưa rõ nguyên nhân Thực hiện: Ca ngày 18/05/2026: Kiểm tra phát hiện rò khớp nối, thực hiện siết không hết rò, thiết bị không tháo được do vướng mặt bích thiết bị đo áp, chuyển ca sau tìm giải pháp xử lý. Ca Ngày 19/05/2026: Tiếp tục kiểm tra siết rò đưa thiết bị vào hoạt động. Kết quả: Thiết bị hoạt động bình thường. Bàn giao ĐVCQ
A6: =A5+1 -> 5 | B6: V48005 | C6: N/A | D6: 06281/LVC | E6: SAN PHAM | F6: DK-SAN PHAM | G6: Cào đạm bị gãy switch toạ độ số 75 (tồn đọng) | H6: SCĐX | I6: Nguyên nhân: Switch giới hạn số 75 bị tuôn ren. Thực hiện: Đêm 26/12 Kiểm tra cào vận hành qua giới hạn số 75 bị dừng không chạy được do switch số 75 cần gạt bị tuôn ren. Tạm thời yêu cầu vận hành chỉnh lại toạ độ vùng cào đạm cho chạy sang vị trí khác sau đó tháo cần gạt switch về P.TCĐK bàn giao ca sau kiểm tra vật tư xử lý. Ngày 27/7 vệ sinh switch và gắn lại Kết quả: Đã gắn lại switch như ban đầu | M6: 1 | N6: 46018 | O6: 0.5 | P6: Đạt | Q6: Kíp IV | R6: Kíp IV Ca Ngày | T6: 40PI-2013 | U6: Lắp lại theo yêu cầu | V6: Nguyên nhân: Thực hiện theo yêu cầu VH Thực hiện: Kiểm tra thực hiện lắp PI theo yêu cầu sau khi VH thực hiện xong công việc Kết quả: Thiết bị đã lắp lại theo yêu cầu, bàn giao ĐVCQ.
A7: =A6+1 -> 6 | B7: 04PT-4504 | C7: N/A | D7: 6188/LVC | E7: AMONIA | F7: DK-AMLL | G7: giá trị sai (-4,7Kpa) so với điều kiện công nghệ 2-2.5Kpa | H7: SCĐX | I7: Nguyên nhân: Chưa tìm ra nguyên nhân gốc Thực hiện: Kiểm tra tại transmitter đo 04PT-4504ABC và vào bộ Mid Giá trị 3 transmitter gần đúng 2-2.5Kp. Dòng từ transmitter ouput tương ứng 5.2 mA. Đo sau bộ Mid vẫn 5.2 mA. Nhưng trên HMI PLC giá trị (-4,7Kpa) Hôm sau sẽ phối hợp cùng tổ PLC kiểm tra. Máy nén K04451 đang dừng, kiểm tra trend tình trạng này đã lâu. Kết quả: Vẫn đang sai HMI PLC và transmitter | M7: 1 | N7: 46018 | O7: 2 | P7: Chưa đạt | Q7: Kíp IV | R7: Kíp IV Ca Ngày | T7: 06VT-2123B | U7: VH báo giá trị độ rung cao 0.8-1.2 mm/s trong khi pump P06101B đang dừng | V7: Nguyên nhân: Barrier lỗi Thực hiện: Ngày 19/5 Kiểm tra đầu dò độ rung cao hơn so với các đầu dò khác 1,8xxmm/s mặc dù bơm đang dừng. Kiểm tra lịch sử đầu dò và barrier mới thay trong BDTT 2025, nhưng dây extension chưa thay, đánh giá trao đổi cùng planner và tổ chuyên môn lấy vật tư dây extension thay thế để loại trừ. Giá trị đã về 0,8xx mm/s sau khi thay thế. Ngày 20/5 Đánh giá chỉ còn barrier chưa thay khả năng barrier là cao. Nhận thay barier mới thay thế. Sau khi thay giá trị bộ rung về 0.06 mm/s. Kết quả: Thiết bị hoạt động bình thường.
A8: =A7+1 -> 7 | B8: W48001B | C8: N/A | D8: 6280/LVC | E8: SAN PHAM | F8: DK-SAN PHAM | G8: VH báo cân đối chứng trip liên tục mặc dù bao đủ ký ( tồn đọng) | H8: SCĐX | I8: Nguyên nhân: Vị trí sensor kết thúc báo chưa phù hợp . Thực hiện: Đêm 26/12 Kiểm tra cân đối chứng bao đi qua thì dừng, cân lại bao vẫn đủ ký. Calib lại cân, cân chỉnh đầu dò tuy nhiên vẫn dừng không có lý do. Tạm thời thay đầu cân W100 spare, cài đặt lại thông số đầu cân, zero và calib lại cân, đưa cân vào hoạt động. Ngày 27/12 Thay đầu cân từ line B NPK sang cài lại thông số đầu cân đóng bao được buổi sáng. Chiều lại lỗi tiếp, kiểm tra sensor, giá trị cài đều bình thường nhưng cân vẫn trip báo sai ký. Kéo bao đạm cân lại thì đúng ký. Vẫn chưa tìm ra nguyên nhân chuyển ca sau xử lý tiếp. ca Đ 27/12 Quan sát thấy cân đủ ký nhưng qua cân lại báo sai. Tiến hành điều chỉnh lại vị trí sensor kết thúc bao cho phù hợp. Theo dõi đến cuối ca, tần suất bao cân bị lỗi giảm nhiều khoảng trên 100 bao thì thỉnh thoảng bị 1 lần, chuyển ca ngày theo dõi thêm. Kết quả: Chuyển ca ngày theo dõi thêm, điều chỉnh nếu cần . | M8: 1 | N8: 46018 | O8: 2 | P8: Theo dõi | Q8: Kíp III | R8: Kíp III Ca Đêm | T8: 04PV-4251 CO2 Chiller | U8: Valve bị kẹt 0~5% | V8: Nguyên nhân: Travel lệch Thực hiện: Kiểm tra MV= 0~5% valve không di chuyển ty, output posit không có, tuy nhiên từ ~4.5% thì output posit có tác động và ti valve di chuyển. Dùng Hart kiểm tra thì travel lệch 5.1% ở 3.99mA. Tiến hành calib lại travel, valve hoạt động đúng, đáp ứng bình thường, bàn giao VH. Kết quả: Valve đáp ứng bình thường, bàn giao VH
A9: =A8+1 -> 8 | B9: 04PT-4504 | C9: N/A | D9: 6188/LVC | E9: AMONIA | F9: DK-AMLL | G9: giá trị sai (-4,7Kpa) so với điều kiện công nghệ 2-2.5Kpa (tồn động) | H9: SCĐX | I9: Nguyên nhân: Giá trị offset chưa phù hợp Thực hiện: Ngày 27/12 Kiểm tra tại transmitter đo 04PT-4504ABC và vào bộ Mid Giá trị 3 transmitter gần đúng 2-2.5Kp. Dòng từ transmitter ouput tương ứng 5.2 mA. Đo sau bộ Mid vẫn 5.2 mA. Nhưng trên HMI PLC giá trị (-4,7Kpa) Hôm sau sẽ phối hợp cùng tổ PLC kiểm tra. Máy nén K04451 đang dừng, kiểm tra trend tình trạng này đã lâu. Ngày 28/12 Kiểm tra phát hiện trên HIM đang cài offset (-17) phối hợp cùng Vận hành điều chỉnh offset tăng lên (-10) sau khi điều chỉnh giá trị trên HMI và transmitter tương đương nhau. Kết quả: Giá trị trên HMI và transmitter tương đương nhau. | M9: 1 | N9: 46019 | O9: 1 | P9: Đạt | Q9: Kíp III | R9: Kíp III Ca Đêm
A10: =A9+1 -> 9 | B10: W48001D | C10: N/A | D10: 6283/LVC | E10: SAN PHAM | F10: DK-SAN PHAM | G10: Cân hoạt động sai ký | H10: SCĐX | I10: Nguyên nhân: Thông số chưa phù hợp Thực hiện: Kiểm tra cân thiếu 150g. Tiến hành calibration với tải chuẩn Kết quả: Cân đã hoạt động đúng | M10: 1 | N10: 46019 | O10: 1 | P10: Đạt | Q10: Kíp III | R10: Kíp III Ca Đêm
A11: =A10+1 -> 10 | B11: 21PI-1234B | C11: N/A | D11: N/A | E11: UTILITY | F11: DK-HIEU CHUAN | G11: PI mất dịch glycerin | H11: SCĐX | I11: Nguyên nhân: PI mất dịch Thực hiện: Kiểm tra thiết bị mất dịch glycerin, tìm không phát hiện điểm rò, đã châm lại glycerin cho thiết bị. Kết quả: đã châm lại glycerin cho thiết bị. | M11: 1 | N11: 46019 | O11: 0.5 | P11: Đạt | Q11: Kíp III | R11: Kíp III Ca Đêm
A12: =A11+1 -> 11 | B12: W48001B | C12: N/A | D12: N/A | E12: SAN PHAM | F12: DK-SAN PHAM | G12: VH báo cân đối chứng trip liên tục mặc dù bao đủ ký ( tồn đọng) | H12: SCĐX | I12: Nguyên nhân: Vị trí sensor kết thúc báo chưa phù hợp . Thực hiện: Theo dõi từ đầu ca đến cuối ca thiết bị đã hoạt động ổn định Kết quả: Thiết bị đã hoạt động bình thường, bàn giao VH . | M12: 1 | N12: 46019 | O12: 1 | P12: Đạt | Q12: Kíp III | R12: Kíp III Ca Đêm
A13: =A12+1 -> 12 | B13: 06TT-1074 ( 06FJB1115) | C13: 2000018494 | D13: 6070/lvc | E13: UREA | F13: DK-NHIET DO | G13: Thông tin giao ca thiết bị lỗi barrier FF, các thiết bị I.O.P, C.N.F..., | H13: SCĐX | I13: Nguyên nhân: 06TT1074 bị lỗi Thực hiện: Qua kiểm tra barrier 06FJB1115( 06TT1074; 06TT1077; 06TT1078;06HV-1017; 06HV1011) thì lỗi ở 06TT1074, tiến hành cách ly thiết bị tại jbox 07FJB1115. Các thiết bị còn lại đã Normal, không ảnh hưởng công nghệ. Hiện tại đã hết tồn kho transmitter FF, đã khảo sát với VH về 06TT1081 ca ngày lấy 06TT1081 thay sang.Thiết bị 06TT1074 nằm trên đường ống cheo leo,móc dây an toàn lên thanh đà khi kiểm tra thiết bị . ( một số ảnh kèm theo ) Kết quả: Hiện tại đã cách ly thiết bị tại jbox, các thiết bị còn lại đã về trạng thái normal, ca ngày phối hợp VH chuyển transmitter khi có yêu cầu. | M13: 1 | N13: 46019 | O13: 1.5 | P13: Chưa đạt | Q13: Kíp III | R13: Kíp III Ca Đêm
A14: =A13+1 -> 13 | B14: 07ZSL-2607 | C14: N/A | D14: 6072/LVC | E14: UREA | F14: DK-SAN PHAM | G14: Switch không tác dộng | H14: SCĐX | I14: Nguyên nhân: Switch bị lệch Thực hiện: Chỉnh lại đúng vị trí Kết quả: Thiết bị đã hoạt động bình thường, bàn giao VH | M14: 1 | N14: 46020 | O14: 0.5 | P14: Đạt | Q14: Kíp I | R14: Kíp I Ca Ngày
A15: =A14+1 -> 14 | B15: 07ZSL-2601 đến 07ZSL-2609 | C15: N/A | D15: 6072/LVC | E15: UREA | F15: DK-SAN PHAM | G15: Làm gọn lại dây tín hiệu | H15: SCĐX | I15: Nguyên nhân: Dây tín hiệu chưa rút gọn Thực hiện: lấy dây rút rút gọn lại Kết quả: Thiết bị đã được làm gọn, bàn giao VH | M15: 1 | N15: 46020 | O15: 1.5 | P15: Đạt | Q15: Kíp I | R15: Kíp I Ca Ngày
A16: =A15+1 -> 15 | B16: 07SSL-2652C | C16: N/A | D16: 6072/LVC | E16: UREA | F16: DK-SAN PHAM | G16: Tín hiệu chập chờn lúc mức 0, lúc mức 1 | H16: SCĐX | I16: Nguyên nhân: Dây tín hiệu có dấu hiệu lão hóa Thực hiện: Bypass trên DCS, thay qua dây sapre Kết quả: Thiết bị đôi lúc vẫn còn chập chờn, khi sàn rung chạy thì không bị chập chờn, đang bypass trên DCS, bàn giao VH theo dõi tiếp đến ca ngày mai đánh giá thay board sensor | M16: 1 | N16: 46020 | O16: 1 | P16: Chưa Đạt | Q16: Kíp I | R16: Kíp I Ca Ngày
A17: =A16+1 -> 16 | B17: 06TT-1074 | C17: 2000018494 | D17: 6072/LVC | E17: UREA | F17: DK-NHIET DO | G17: Xử lý lỗi thiết bị báo CNF | H17: SCĐX | I17: Nguyên nhân: thiết bi hỏng báo CNF . Thực hiện: Tháo 06TT1081 thay thế cho 06TT1074 Kết quả: Thiết bị đã hoạt động bình thường, bàn giao VH . | M17: 1 | N17: 46020 | O17: 2 | P17: Đạt | Q17: Kíp I | R17: Kíp I Ca Ngày
A18: =A17+1 -> 17 | B18: 06PI-0576 06PI-0577 | C18: N/A | D18: 6072/LVC | E18: UREA | F18: DK-HIEU CHUAN | G18: Lắp lại PI sau khi hiệu chuẩn xong | H18: SCĐX | I18: Nguyên nhân: Lắp lại thiết bị sau hiệu chuẩn Thực hiện: lắp lại thiết bị Kết quả: Thiết bị đã hoạt động bình thường, bàn giao VH | M18: 1 | N18: 46020 | O18: 1 | P18: Đạt | Q18: Kíp I | R18: Kíp I Ca Ngày
A19: =A18+1 -> 18 | B19: 06PI-0565 | C19: N/A | D19: 6072/LVC | E19: UREA | F19: DK-HIEU CHUAN | G19: Rò dầu khớp nối | H19: SCĐX | I19: Nguyên nhân: chưa rõ nguyên nhân Thực hiện: Siết rò Kết quả: Thiết bị đã hết rò, bàn giao VH . | M19: 1 | N19: 46020 | O19: 0.5 | P19: Đạt | Q19: Kíp I | R19: Kíp I Ca Ngày
A20: =A19+1 -> 19 | B20: 06TT-1081 | C20: N/A | D20: 6072/LVC | E20: UREA | F20: DK-NHIET DO | G20: Tháo transmitter thay cho 06TT1074 | H20: SCĐX | I20: Nguyên nhân: Thực hiện theo yêu cầu VH Thực hiện: Tháo transmitter lắp cho vị trí 06TT1074. Kết quả: Thiết bị đã được cách ly và tháo transmitter. Chờ vật tu thay thế | M20: 1 | N20: 46020 | O20: 0.5 | P20: Chưa Đạt | Q20: Kíp I | R20: Kíp I Ca Ngày
A21: =A20+1 -> 20 | B21: 06PI-0571 06PI-0573 | C21: N/A | D21: 6072/LVC | E21: UREA | F21: DK-HIEU CHUAN | G21: Thiết bị đo sai (giao ca) | H21: SCĐX | I21: Nguyên nhân: Gãy kim Thực hiện: Tháo đồng hồ áp suất bàn giao ca sau chuyển Tổ HCH sửa chữa Kết quả: Đồng hồ đã tháo về P.TCĐK | M21: 1 | N21: 46020 | O21: 0.5 | P21: Chưa Đạt | Q21: Kíp II | R21: Kíp II Ca Đêm
A22: =A21+1 -> 21 | B22: 06TI-0520 | C22: N/A | D22: 6072/LVC | E22: UREA | F22: DK-HIEU CHUAN | G22: Đồng hồ đo nhiệt sai nhiệt độ | H22: SCĐX | I22: Nguyên nhân: Chưa rõ nguyên nhân Thực hiện: Tháo đồng hồ nhiệt bàn giao ca sau chuyển Tổ HCH sửa chữa Kết quả: Đồng hồ đã tháo về P.TCĐK | M22: 1 | N22: 46020 | O22: 0.5 | P22: Chưa Đạt | Q22: Kíp II | R22: Kíp II Ca Đêm
A23: =A22+1 -> 22 | B23: W48001E | C23: N/A | D23: 06290/LVC | E23: SAN PHAM | F23: DK-SAN PHAM | G23: VH báo cân sai so với cân bàn 200gram | H23: SCĐX | I23: Nguyên nhân: Cân đối chứng sai ký. Thực hiện: Vệ sinh sau đó calib với tải chuẩn, đưa cân vào hoạt động. Kết quả: Cân đối chứng đã hoạt động bình thường, bàn giao VH . | M23: 1 | N23: 46020 | O23: 1 | P23: Đạt | Q23: Kíp II | R23: Kíp II Ca Đêm
A24: =A23+1 -> 23 | B24: Z08103 | C24: N/A | D24: 6072/LVC | E24: NPK | F24: DK-NPK | G24: VH báo gàu tải lỗi tốc độ | H24: SCĐX | I24: Nguyên nhân: Nghi ngờ đầu dò lỗi Thực hiện: Gàu tải không chạy được, kiểm tra vệ sinh đầu dò tốc đưa gàu tải vào hoạt động. Kết quả: Gàu tải đã hoạt động bình thường, bàn giao VH . | M24: 1 | N24: 46020 | O24: 1 | P24: Đạt | Q24: Kíp II | R24: Kíp II Ca Đêm
A25: =A24+1 -> 24 | B25: W48001A | C25: N/A | D25: 6294/LVC | E25: SAN PHAM | F25: DK-SAN PHAM | G25: Cân B sai ký | H25: SCĐX | I25: Nguyên nhân: Cân sai chưa rõ nguyên nhân Thực hiện: Kiểm tra phát hiện cân đóng đủ 50kg nhưng sai so với cân bàn, tiến hành calibrate lại cân, sau khi calibrate xong cân hoạt động ổn định, bàn giao ĐVVH Kết quả: Thiết bị hoạt động bình thường, bàn giao ĐVVH | M25: 1 | N25: 46021 | O25: 1 | P25: Đạt | Q25: Kíp I | R25: Kíp I Ca Ngày
A26: =A25+1 -> 25 | B26: W48001F | C26: N/A | D26: 6294/LVC | E26: SAN PHAM | F26: DK-SAN PHAM | G26: Máy in line F lỗi ngắt cao áp | H26: SCĐX | I26: Nguyên nhân: Đầu in bị dơ Thực hiện: Kiểm tr phát hiện máy in báo lỗi ngắt cao áp, tiến hành vệ sinh đầu in bàn giao ĐVVH Kết quả: Thiết bị hoạt động bình thường, bàn giao ĐVVH | M26: 1 | N26: 46021 | O26: 1 | P26: Đạt | Q26: Kíp I | R26: Kíp I Ca Ngày
A27: =A26+1 -> 26 | B27: 04TT-2500 | C27: BSS | D27: 6207/LVC | E27: AMONIA | F27: DK-NHIET DO | G27: Nhiệt độ giảm bất thường gây kích hoạt interlock I211 | H27: SCĐX | I27: Nguyên nhân: Chưa rõ nguyên nhân gốc Thực hiện: - Kiểm tra lại hệ thống phát hiện nhiệt độ giảm đột ngột về dưới 175degC gây kích hoạt interlock I211 gây đóng van 04TV2112. - Thực hiện MOS tín hiệu trip mức thấp để ĐVVVH reset lại interlock mở van lại. - Sau khi công nghệ ổn định tiến hành kiểm tra đo đạc 2 sensor (TC - K) không phát hiện bất thường, nhiệt độ 2 sensor giống nhau tương đương nhiệt độ vận hành. - Trao đổi với TCNM và ĐVCQ đánh giá sơ bộ các nguyên nhân có thể gây trip. Thống nhất thay thế 04TT2500 để loại trừ và theo dõi. - Sau khi thay thế xong giá trị nhiệt độ hiển thị ổn định bàn giao ĐVVH theo dõi trong 24h tiếp theo, song song đó đưa transmitter cũ (Yokogawa YTA610) về phòng Mô hình để kiểm tra lại thiết bị Kết quả: Thiết bị hoạt động bình thường sau khi thay thế, bàn giao ĐVVH theo dõi, vẫn giữ MOS trong 24h để đánh giá | M27: 1 | N27: 46021 | O27: 5 | P27: Đạt | Q27: Kíp I | R27: Kíp I Ca Ngày
A28: =A27+1 -> 27 | B28: 06PI-0571 | C28: N/A | D28: 5988/LVC | E28: UREA | F28: DK-HIEU CHUAN | G28: Lắp lại PI | H28: SCĐX | I28: Nguyên nhân:PI gãy kim Thực hiện: Ca đêm: 29/12/2025: Tháo đồng hồ áp suất bàn giao ca sau chuyển Tổ HCH sửa chữa Ca ngày 30/12/2025: Thực hiện lắp lại PI sau khi thay thế kim đồng hồ xong Kết quả: Thiết bị hoạt động bình thường, bàn giao ĐVVH | M28: 1 | N28: 46021 | O28: 1 | P28: Đạt | Q28: Kíp I | R28: Kíp I Ca Ngày
A29: =A28+1 -> 28 | B29: L08201C | C29: N/A | D29: 5824/LVC | E29: NPK | F29: DK-NPK | G29: Cân sai | H29: SCĐX | I29: Nguyên nhân: Hỏng đầu cân Thực hiện: Kiểm tra phát hiện hỏng đầu cân B, tiến hành sử dụng đầu cân cũ của line B đã tháo sang thay thế bàn giao ĐVVH chạy lại cân Kết quả: Thiết bị hoạt động bình thường, bàn giao ĐVVH | M29: 1 | N29: 46021 | O29: 1 | P29: Đạt | Q29: Kíp I | R29: Kíp I Ca Ngày
... A50: =A49+1 -> 49 | B50: 04AE-2077 | C50: N/A | D50: 6225/lvc | E50: AMONIA | F50: DK-PHAN TICH | G50: Thiết bi vent lớn, ảnh hưởng thiết bị xung quanh | H50: SCĐX | I50: Nguyên nhân: Valve vent mở full, các fitting bị hỏng Nội dung thực hiện: Kiểm tra valve vent khí đang mở full, rò đầu ra của bộ lọc đến bình ngưng, rò đầu ra output. Do fitting bị hỏng tiến hành thay thế fitting mới, thay thế ống impulse line khắc phục rò. Phối hợp VH điều chỉnh valve vent phù hợp. Thiết bị đã được điều chỉnh valve vent phù hợp, thay thế fitting và impulse line mới khắc phục rò Kết quả: Thiết bị đã được điều chỉnh valve vent phù hợp, thay thế fitting và impulse line mới khắc phục rò | M50: 1 | N50: 46023 | O50: 4 | P50: Đạt | Q50: Kíp III | R50: Kíp III Ca Ngày
A51: =A50+1 -> 50 | B51: L48001A | C51: N/A | D51: 6298/lvc | E51: SAN PHAM | F51: DK-SAN PHAM | G51: Cân A line A bị giao động, dư ký. | H51: SCĐX | I51: Nguyên nhân: Chưa rõ nguyên nhân. Nội dung thực hiện: Kiểm tra dây căng thùng cân 2 bên trùng, lỏng. Cửa xả đóng mở mạnh, thông số cửa tinh chưa phù hợp. Tiến hành điều chỉnh dây dai thung cân, cửa xả và thông số cửa tinh phù hợp. Cân hoạt động bình thường, bàn giao VH Kết quả: Cân hoạt động bình thường, bàn giao VH | M51: 1 | N51: 46023 | O51: 1,5 | P51: Đạt | Q51: Kíp III | R51: Kíp III Ca Ngày
A52: =A51+1 -> 51 | B52: 04PDT-2511A/B | C52: N/A | D52: 6226/LVC | E52: AMONIA | F52: DK-AMLL | G52: Cần cô lập hoàn toàn công nghệ để X.Amo tháo thiết bị sửa chữa | H52: SCĐX | I52: Nguyên nhân: Đảm bảo công nghệ hoàn toàn kín Nội dung thực hiện: Vận hành cô lập van block, ĐK cô lập 2 van isolate của transmitter Kết quả: 2 van isolate đã được cô lập | M52: 1 | N52: 46023 | O52: 1 | P52: Đạt | Q52: Kíp IV | R52: Kíp IV Ca Đêm
A53: =A52+1 -> 52 | B53: L08201B | C53: N/A | D53: 5829/LVC | E53: NPK | F53: DK-DCS | G53: Cân thiếu ký | H53: SCĐX | I53: Nguyên nhân: Thông số chưa phù hợp Nội dung thực hiện: Điều chỉnh thông số cửa tô từ 250 về 240.Của tinh từ 100 về 90. Theo dõi cân đã hoạt động đúng. Kết quả: Cân hoạt động đúng | M53: 1 | N53: 46023 | O53: 1 | P53: Đạt | Q53: Kíp IV | R53: Kíp IV Ca Đêm
A54: =A53+1 -> 53 | B54: 20AT-2004A/B/C | C54: N/A | D54: 2251/LVC | E54: UTILITY | F54: DK-PHAN TICH | G54: Thiết bị đo sai | H54: SCĐX | I54: Nguyên nhân: Chưa tìm được nguyên nhân Nội dung thực hiện: Giá trị hiển thị 0. Kiểm tra điều kiện lấy mẫu, dịch referance còn đủ. Tiến hành auto clean nhưng thiết bị vẫn chưa có giá trị. Chuyển ca ngày kiểm tra Kết quả: Thiết bị còn sai | M54: 1 | N54: 46023 | O54: 1 | P54: Chưa đạt | Q54: Kíp IV | R54: Kíp IV Ca Đêm
A55: =A54+1 -> 54 | B55: 20AT-2004A/B/C | C55: N/A | D55: N/A | E55: UTILITY | F55: DK-PHAN TICH | G55: Thiết bị đo sai ( giao ca) | H55: SCĐX | I55: Nguyên nhân: Chưa tìm được nguyên nhân Nội dung thực hiện: Giá trị hiển thị 0. Kiểm tra điều kiện lấy mẫu, dịch referance còn đủ. Tiến hành auto clean nhưng thiết bị vẫn chưa có giá trị. 2/6 Thực hiện kiểm tra dòng vào các stream chưa phát hiện bất thường, Manual Clean tuy nhiên giá trị vẫn ~ 0ppm, chuyển ca sau theo dõi xử lý thêm. Kết quả: Thiết bị còn sai | M55: 1 | N55: 46024 | O55: 2 | P55: Theo dõi | Q55: Kíp II | R55: Kíp II Ca Ngày
A56: =A55+1 -> 55 | B56: Hệ cân 5kg NPK | C56: 2000018530 | D56: 5831/lvc | E56: NPK | F56: DK-NPK | G56: Thiết bị bị hỏng cóc đạp | H56: SCĐX | I56: Nguyên nhân: Thiết bị lão hóa, ăn mòn làm gãy bàn đạp Nội dung thực hiện: Kiểm tra, thiết bị lão hóa, ăn mòn làm gãy bàn đạp. HC hỗ trợ cung cấp thông tin vật tư, tiến hành nhận vật tư mới thay thế thiết bị hỏng, test cùng vận hành sau khi thay thế, thiết bị hoạt động đúng chức năng, bàn giao VH Kết quả: Thiết bị đã được thay thế, động đúng chức năng, bàn giao VH | M56: 1 | N56: 46024 | O56: 2 | P56: Đạt | Q56: Kíp II | R56: Kíp II Ca Ngày
A57: =A56+1 -> 56 | B57: 08TV-0034 | C57: 2000018532 | D57: 05725/lvc | E57: NPK | F57: DK-VALVE | G57: Thiết bị không điều khiển được | H57: SCĐX | I57: Nguyên nhân: Hỏng solenoid Nội dung thực hiện: Kiểm tra, phát hiện thiết bị bị hỏng solenoid nên không có khí cấp cho posit. Tiến hành sang kho nhận vật tư và thay thế solenoid đưa valve vào hoạt động bình thường, troke test hành trình valve đáp ứng bình thường, bàn giao VH Kết quả: Valve hoạt động bình thường, bàn giao VH | M57: 1 | N57: 46024 | O57: 1 | P57: Đạt | Q57: Kíp II | R57: Kíp II Ca Ngày
A58: =A57+1 -> 57 | B58: Thiết bị đo nhiệt độ dùng pin | C58: N/A | D58: 6228/lvc | E58: AMONIA | F58: DK-HIEU CHUAN | G58: Theo yêu cầu VH lắp thiết bị đo nhiệt độ tại field cho VH theo dõi chuẩn bi thay xúc tác | H58: SCĐX | I58: Nguyên nhân: Theo yêu cầu VH. Nội dung thực hiện: Kiểm tra, phối hợp tổ HC kiểm tra thông tin thiết bị, tiến hành mang thiết bị ra field lắp theo yêu cầu VH.(hạng mục đã từng lắp trước đây mỗi khi VH thay xúc tác) Kết quả:Hạng mục đã được phối hợp theo yêu cầu. | M58: 1 | N58: 46024 | O58: 1.5 | P58: Đạt | Q58: Kíp II | R58: Kíp II Ca Ngày
A59: =A58+1 -> 58 | B59: 06TT-1068 | C59: 2000018531 | D59: 6000/lvc | E59: UREA | F59: DK-NHIET DO | G59: Thiết bị đo nhiệt độ dao động , Alarm C.N.F | H59: SCĐX | I59: Nguyên nhân: Hỏng transmitter Nội dung thực hiện: Kiểm tra, nguồn 13Vdc, range ( 0~300) degC, TC K , TH400. sensor 1~ 2~ 158degC. Thiết bị C.N.F. Looptest không tác dụng. Nghi ngờ transmiter hỏng, hiện tại đã hết tồn kho transmitter FF. Kết quả: Thiết bị Alarm CN.F. Chờ thay thế transmitter Kiến nghị: Planner bổ sung vật tư thay thế. | M59: 1 | N59: 46024 | O59: 1.5 | P59: Chưa đạt | Q59: Kíp II | R59: Kíp II Ca Ngày
A60: =A59+1 -> 59 | B60: 04PI-2104B | C60: N/A | D60: 6229/lvc | E60: AMONIA | F60: DK-HIEU CHUAN | G60: Xoay mặt đồng hồ hướng về sàn thao tác để dễ ghi nhận thông số hằng ca, và khi thao tác đổi bơm dễ quan sát được áp suất (PM hỗ trợ AM ) | H60: SCĐX | I60: Nguyên nhân: Hạng mục PM hỗ trợ AM Nội dung thực hiện: Xoay mặt đồng hồ hướng về sàn thao tác để dễ ghi nhận thông số hằng ca, và khi thao tác đổi bơm dễ quan sát được áp suất Kết quả: Hạng mục đã được xử lý xong. | M60: 1 | N60: 46024 | O60: 1 | P60: Đạt | Q60: Kíp II | R60: Kíp II Ca Ngày
A61: =A60+1 -> 60 | B61: L48001E | C61: N/A | D61: 6299/lvc | E61: SAN PHAM | F61: DK-SAN PHAM | G61: Máy in lệch tia | H61: SCĐX | I61: Nguyên nhân: Đầu in bẩn Nội dung thực hiện: Kiểm tra, máy in bị lệch tia do đầu in bẩn tiến hành vệ sinh đầu phụn. Thiết bị hoạt động bình thường bàn giao VH Kết quả: Thiết bị hoạt động bình thường bàn giao VH | M61: 1 | N61: 46024 | O61: 1 | P61: Đạt | Q61: Kíp II | R61: Kíp II Ca Ngày
A62: =A61+1 -> 61 | B62: Trạm quang trắc nước thải | C62: N/A | D62: 2253/lvc | E62: UTILITY | F62: DK-PHAN TICH | G62: Thiết bị lưu lượng không lên giá trị | H62: SCĐX | I62: Nguyên nhân: Tiếp xúc kém Nội dung thực hiện: Kiểm tra, tiến hành vệ sinh kết nối cable đưa thiết bị vào hoạt động bình thường Kết quả: Thiết bị hoạt động bình thường bàn giao VH | M62: 1 | N62: 46024 | O62: 1 | P62: Đạt | Q62: Kíp II | R62: Kíp II Ca Ngày
A63: =A62+1 -> 62 | B63: V08301 | C63: N/A | D63: 5832/LVC | E63: NPK | F63: DK-NPK | G63: Dây safety rope căng dễ bị ngoại lực tác động gây trip băng tải | H63: SCĐX | I63: Nguyên nhân: Dây safety rope căng dễ trip thiết bị Thực hiện: Kiểm tra dây safety rope căng. Chỉ cần lực tác động nhẹ là trip băng tải. Đã cân chỉnh lại lực căng dây phù hợp Kết quả: Dây safety rope đã cân chỉnh phù hợp | M63: 1 | N63: 46024 | O63: 1 | P63: Đạt | Q63: Kíp I | R63: Kíp I Ca Đêm
... A65: =A64+1 -> 64 | B65: 29FT-1040 | C65: N/A | D65: 6231/LVC | E65: AMONIA | F65: DK-AMLL | G65: Giá trị lưu lượng dao động từ 60-75t/h | H65: SCĐX | I65: Nguyên nhân: Nhhi ngờ cặn bẩn trong ống impulse line Thực hiện: Kiểm tra xả vent quan sát có nhiều mạt sắt. Khi đưa đo online lại giá trị vẫn dao động. Tiến hành pump áp chuẩn test transmitter hoạt động ổn định, đúng không giao động. Khi đưa đo online vẫn còn dao động. Nghi ngờ đường ống còn mạt sắt. Ca ngày sẽ phối hợp X.Amo đóng van block ( trên cao cần dàn giáo)để xả hết mạt sát. Kết quả: Giá trị vẫn còn dao động | M65: 1 | N65: 46024 | O65: 2 | P65: Chưa đạt | Q65: Kíp I | R65: Kíp I Ca Đêm
A66: 1 | B66: 29FT-1040 | C66: N/A | D66: 6231/LVC | E66: AMONIA | F66: DK-AMLL | G66: Giá trị lưu lượng dao động từ 60-75t/h (giao ca) | H66: XLTĐ | I66: Nguyên nhân: Nghi ngờ cặn bẩn trong ống impulse line Thực hiện: Ca đêm 02/01/2026: Kiểm tra xả vent quan sát có nhiều mạt sắt. Khi đưa đo online lại giá trị vẫn dao động. Tiến hành pump áp chuẩn test transmitter hoạt động ổn định, đúng không giao động. Khi đưa đo online vẫn còn dao động. Nghi ngờ đường ống còn mạt sắt. Ca ngày sẽ phối hợp X.Amo đóng van block ( trên cao cần dàn giáo) để xả hết mạt sát. Ca ngày 03/01/2026: Qua trao đổi VH đang theo dõi giá trị dao động quang 65tan/h không có xung bất thường. VH tiếp tục theo dõi thêm điều kiện công nghệ khi có bất thường sẽ yêu cầu phối hợp kiểm tra. Kết quả: Giá trị vận hành đang giám sát. Bộ điều khiển đang để Auto. Bàn giao ĐVVH. | M66: 2 | N66: 46025 | O66: 1 | P66: Đạt | Q66: Kíp II | R66: Kíp II Ca Ngày
A67: =A66+1 -> 2 | B67: L08201B | C67: N/A | D67: 5834/LVC | E67: NPK | F67: DK-NPK | G67: Cân A báo lỗi " Not 0C weight into hopper" | H67: SCĐX | I67: Nguyên nhân: Do thùng cân bị đạm bám nên cân không zero được Thực hiện: Kiểm tra do đạm bám thùng cân làm cân tự zero. Phối hợp cùng Vận hành vệ sinh thùng cân.sạch sau đó zero cân. Kết quả: Cân đã hoạt động bình thường. | M67: 2 | N67: 46026 | O67: 1 | P67: Đạt | Q67: Kíp IV | R67: Kíp IV Ca Ngày
A68: =A67+1 -> 3 | B68: P21201C | C68: N/A | D68: N/A | E68: UTILITY | F68: DK-DCS | G68: Hệ thống DCS alarm " Start P21201C motor PV=2" | H68: SCĐX | I68: Nguyên nhân: Chưa tìm ra nguyên nhân Thực hiện: Hệ thống DCS xuất hiện alarm Vận hành báo TC Điện kiểm tra. Sau đó TC Điện yêu cầu ĐK phối hợp kiểm tra nguyên nhân. Tín hiệu feedback từ hệ thống MCC gửi qua hệ thống DCS. Pump đang hoạt động bình thường chưa điều tra được nguyên nhân xuất hiện alarm. Hôm sau sẽ phối hợp với Đội HTĐK, X.Điện điều tra nguyên nhân Kết quả: Chưa tìm được nguyên nhân. | M68: 2 | N68: 46026 | O68: 2 | P68: Chưa đạt | Q68: Kíp IV | R68: Kíp IV Ca Ngày
A69: =A68+1 -> 4 | B69: L08201C | C69: N/A | D69: 05835/lvc | E69: NPK | F69: DK-NPK | G69: Máy dán temp không dán temp được | H69: SCĐX | I69: Nguyên nhân: Sensor hành trình xilanh chưa phù hợp. Thực hiện: Kiểm tra thấy xilanh dán team chậm khi mở ra thì không đóng lại, kiểm tra thấy do sensor hành trình xilanh ở vị trí chưa phù hợp, sensor chập chờn. Điều chỉnh lại vị trí sensor cho phù hợp, thiết bị hoạt động bình thường bàn giao ĐVVH. Kết quả: Thiết bị hoạt động bình thường bàn giao ĐVVH. | M69: 2 | N69: 46026 | O69: 1 | P69: Đạt | Q69: Kíp III | R69: Kíp III Ca Đêm
A70: =A69+1 -> 5 | B70: L08201A | C70: N/A | D70: 05835/lvc | E70: NPK | F70: DK-NPK | G70: VH báo đổi cân 50kg sang 25kg | H70: SCĐX | I70: Nguyên nhân: Thực hiện theo y/c VH. Thực hiện: Thực hiện theo y/c VH chuyển cân đóng bao từ 50kg sang 25kg. Sau khi đổi, thiết bị hoạt động bình thường bàn giao ĐVVH. Kết quả: Thiết bị hoạt động bình thường bàn giao ĐVVH. | M70: 2 | N70: 46026 | O70: 1 | P70: Đạt | Q70: Kíp III | R70: Kíp III Ca Đêm
A71: =A70+1 -> 6 | B71: L08201A | C71: N/A | D71: 05835/lvc | E71: NPK | F71: DK-NPK | G71: VH báo đổi cân 25kg sang 50kg ( line C bị lỗi ổ bị nên chuyển lại đóng 50Kg ) | H71: SCĐX | I71: Nguyên nhân: Thực hiện theo y/c VH. Thực hiện: Thực hiện theo y/c VH chuyển cân đóng bao từ 25kg sang 50kg. Sau khi đổi, thiết bị hoạt động bình thường bàn giao ĐVVH. Kết quả: Thiết bị hoạt động bình thường bàn giao ĐVVH. | M71: 2 | N71: 46026 | O71: 1 | P71: Đạt | Q71: Kíp III | R71: Kíp III Ca Đêm
A72: =A71+1 -> 7 | B72: L08201A | C72: N/A | D72: 05835/lvc | E72: NPK | F72: DK-NPK | G72: VH báo đổi cân 50kg sang 25kg | H72: SCĐX | I72: Nguyên nhân: Thực hiện theo y/c VH. Thực hiện: Thực hiện theo y/c VH chuyển cân đóng bao từ 50kg sang 25kg. Sau khi đổi, thiết bị hoạt động bình thường bàn giao ĐVVH. Kết quả: Thiết bị hoạt động bình thường bàn giao ĐVVH. | M72: 2 | N72: 46026 | O72: 1 | P72: Đạt | Q72: Kíp III | R72: Kíp III Ca Đêm
A73: =A72+1 -> 8 | B73: L08201A | C73: N/A | D73: 05835/lvc | E73: NPK | F73: DK-NPK | G73: Cân B bị treo cân ở 30Kg | H73: SCĐX | I73: Nguyên nhân: Chưa rõ nguyên nhân. Thực hiện: Kiểm tra, cân bị treo ở 30Kg , reset lại cân nhưng không tác dụng. Chuyển Man để xả cân , password cũ không tác dụng. Chuyển ca sau phối hợp xử lý Kết quả: Cân B đang bị treo, chuyển ca sau phối hợp xử lý | M73: 2 | N73: 46026 | O73: 1 | P73: Chưa đạt | Q73: Kíp III | R73: Kíp III Ca Đêm
A74: =A73+1 -> 9 | B74: 04PDT-2511A/B | C74: N/A | D74: 6233/LVC | E74: AMONIA | F74: DK-AMLL | G74: X.Amo yêu cầu cách ly thiết bị để sửa chữa thiết bị | H74: SCĐX | I74: Nguyên nhân: X.Amo yêu cầu cách ly thiết bị để sửa chữa thiết bị Thực hiện: Vận hành đóng van block, sau đó cách ly ống impulse line tại vị trí van isolate tại transmitter. Kết quả: Đã cách ly theo yêu cầu | M74: 2 | N74: 46027 | O74: 1 | P74: Đạt | Q74: Kíp IV | R74: Kíp IV Ca Ngày
A75: =A74+1 -> 10 | B75: 07PI-3502 | C75: N/A | D75: 6007/LVC | E75: UREA | F75: DK-HIEU CHUAN | G75: PI gãy kim | H75: SCĐX | I75: Nguyên nhân: Nghi do áp công nghệ rung giật gãy kim chỉ thị Thực hiện: Kiểm tra kim gãy. Tháo PI về thay kim Kết quả: Kim đã thay thế. | M75: 2 | N75: 46027 | O75: 1 | P75: Đạt | Q75: Kíp IV | R75: Kíp IV Ca Ngày
A76: =A75+1 -> 11 | B76: 06PI-0575 | C76: N/A | D76: 6007/LVC | E76: UREA | F76: DK-HIEU CHUAN | G76: Dịch glycerin chảy nhỏ vị trí mặt kinh | H76: SCĐX | I76: Nguyên nhân: Do ron lão hóa Thực hiện: Kiểm tra glycerin rịn ra mặt kín. Tháo PI về tận dụng ron mặt kính cũ còn tốt thay thế Kết quả: PI đa hết rò glycerin | M76: 2 | N76: 46027 | O76: 0.5 | P76: Đạt | Q76: Kíp IV | R76: Kíp IV Ca Ngày
A77: =A76+1 -> 12 | B77: 06PI-0576 | C77: N/A | D77: 6007/LVC | E77: UREA | F77: DK-HIEU CHUAN | G77: Dịch glycerin chảy nhỏ vị trí mặt kinh | H77: SCĐX | I77: Nguyên nhân: Do ron lão hóa Thực hiện: Kiểm tra glycerin rịn ra mặt kín. Tháo PI về tận dụng ron mặt kính cũ còn tốt thay thế Kết quả: PI đa hết rò glycerin | M77: 2 | N77: 46027 | O77: 0.5 | P77: Đạt | Q77: Kíp IV | R77: Kíp IV Ca Ngày
A78: =A77+1 -> 13 | B78: 20AT-2004A/B/C | C78: N/A | D78: 2262/LVC | E78: UTILITY | F78: DK-PHAN TICH | G78: Giá trị bằng 0 qua vài ca.(tồn đọng) | H78: XLTĐ | I78: Nguyên nhân: Nghi ngờ trôi giá trị sensor Thực hiện: Kiểm tra điều kiện mẫu, dung dịch referance bình thường, Clean lại thiết bị vẫn giá trị đo bằng 0. Tiến hành calibration thiết bị. Giá trị đã đo đúng điều kiên công nghệ Kết quả: Thiết bị đã hoạt động bình thươngf | M78: 2 | N78: 46027 | O78: 1.5 | P78: Đạt | Q78: Kíp IV | R78: Kíp IV Ca Ngày
... A85: =A84+1 -> 20 | B85: 29PI-2104 | C85: N/A | D85: 06250/lvc | E85: AMONIA | F85: DK-HIEU CHUAN | G85: Thiết bị treo kim | H85: SCĐX | I85: Nguyên nhân: Chưa rõ nguyên nhân Thực hiện: Thực hiện kiểm tra kim chỉ thị tại 15Mpa sau khi cô lập công nghệ xả vent nhưng kim không về điểm 0. Đồng hồ treo kim tại giá trị vận hành thường xuyên, nên đã tác động gõ nhẹ kim đã về điểm 0. Thiết bị tháo về phòng ca chờ ca ngày giao HC kiểm tra. Kết quả: Thiết bị tháo về phòng ca, chuyển ca ngày mang sang tổ HC kiểm tra. | M85: 2 | N85: 46027 | O85: 1 | P85: Chưa đạt | Q85: Kíp III | R85: Kíp III Ca Đêm
A86: =A85+1 -> 21 | B86: W48001B | C86: N/A | D86: #REF! | E86: SAN PHAM | F86: DK-SAN PHAM | G86: Cân sai ký | H86: SCĐX | I86: Nguyên nhân: Chưa rõ nguyên nhân Thực hiện: Kiểm tra thấy cân sai ký so với cân bàn, tiến hành calib lại cân. Thiết bị hoạt động bình thường bàn giao ĐVVH. Kết quả: Thiết bị hoạt động bình thường bàn giao ĐVVH. | M86: 2 | N86: 46027 | O86: 1 | P86: Đạt | Q86: Kíp III | R86: Kíp III Ca Đêm
A87: =A86+1 -> 22 | B87: L48001C | C87: N/A | D87: 06316/lbc | E87: SAN PHAM | F87: DK-SAN PHAM | G87: Vh báo cân B line C thiếu ký. | H87: SCĐX | I87: Nguyên nhân: Chưa rõ nguyên nhân Thực hiện: Kiểm tra thấy cân thiếu ký, thùng cân chưa phát hiện bất thường, tiến hành điều chỉnh lại thông số cửa tinh từ 0.63 xuống 0.5. Thiết bị hoạt động bình thường bàn giao ĐVVH. Kết quả: Thiết bị hoạt động bình thường bàn giao ĐVVH. | M87: 2 | N87: 46027 | O87: 1 | P87: Đạt | Q87: Kíp III | R87: Kíp III Ca Đêm
A88: =A87+1 -> 23 | B88: Thiết bị đo nhiệt độ dùng pin | C88: N/A | D88: 06250/lvc | E88: AMONIA | F88: DK-HIEU CHUAN | G88: Thiết bị hết pin, không hiển thị | H88: SCĐX | I88: Nguyên nhân: Hết pin Thực hiện: Kiểm tra , bổ sung pin cho transmitter, thiết bị hiển thị bình thường. Kết quả: Thiết bị hiển thị bình thường. | M88: 2 | N88: 46027 | O88: 1 | P88: Đạt | Q88: Kíp III | R88: Kíp III Ca Đêm
A89: =A88+1 -> 24 | B89: L48001B | C89: N/A | D89: 06316/lbc | E89: SAN PHAM | F89: DK-SAN PHAM | G89: Vh báo cân B line B dư ký | H89: SCĐX | I89: Nguyên nhân: Piston cửa tinh đóng chậm Thực hiện: Kiểm tra thấy cân dư ký piston của tinh đóng chậm, tiến hành điều chỉnh khí piston cửa tinh phù hợp. Thiết bị hoạt động bình thường bàn giao ĐVVH. Kết quả: Cân hoạt động bình thường, bàn giao VH | M89: 2 | N89: 46027 | O89: 2 | P89: Đạt | Q89: Kíp III | R89: Kíp III Ca Đêm
A90: =A89+1 -> 25 | B90: Camera cổng A3 | C90: N/A | D90: N/A | E90: HSE | F90: DK-CCTV | G90: Không lên hình | H90: SCĐX | I90: Nguyên nhân: Chưa rõ nguyên nhân. Thực hiện: Sang kiểm tra hiện trạng thì camera lên hình bình thường, kiểm tra xung quanh chưa phát hiện bất thường, theo dõi đến cuối ca, thiết bị hoạt động bình thường, bàn giao ĐVCQ theo dõi thêm. Kết quả: Chưa phát hiện bất thường ở thiết bị | M90: 2 | N90: 46027 | O90: 1 | P90: Đạt | Q90: Kíp III | R90: Kíp III Ca Đêm
A91: =A90+1 -> 26 | B91: L48006B | C91: N/A | D91: 4599/LVC | E91: GIAO NHẬN | F91: DK-SAN PHAM | G91: VH báo shiploader hay bị Trip khi di chuyển trái/phải | H91: SCĐX | I91: Nguyên nhân: Relay .51KC03 chập chờn Thực hiện: Kiểm tra shiploader khi di chuyển trái/phải hay bị trip và báo lỗi .51 Fault feedback contactor brake (KC31-KC34). Qua kiểm tra do relay .51 KC 03 chập chờn. Tiến hành lấy relay spare thay thế đưa shiploader vào hoạt động. Kết quả: Shiploader hoạt động bình thường. Bàn giao ĐVVH. | M91: 2 | N91: 46028 | O91: 1 | P91: Đạt | Q91: Kíp I | R91: Kíp I Ca Ngày
A92: =A91+1 -> 27 | B92: 06FT-1005A | C92: N/A | D92: 0840/CL-KP 06013/LVC | E92: UREA | F92: DK-AMLL | G92: P.KTBD yêu cầu cách ly nguồn thiết bị để thay thử nghiệm thiết bị đo mới. | H92: SCĐX | I92: Nguyên nhân: Theo yêu cầu P.KTBD Thực hiện: Cách ly nguồn 4-20mA và nguồn 220Vac để P.KTBD và nhà thầu thay thế thiết bị đo lưu lượng mới thử nghiệm. Sau khi thay xong đã khôi phục các tín hiệu bàn giao P.KTBD đánh giá. Kết quả: Thiết bị đo mức đã thực hiện theo yêu cầu. Bàn giao P.KTBD. | M92: 2 | N92: 46028 | O92: 1 | P92: Đạt | Q92: Kíp I | R92: Kíp I Ca Ngày
A93: =A92+1 -> 28 | B93: 07SSL-2652C | C93: N/A | D93: 0836/CL-KP | E93: UREA | F93: DK-SAN PHAM | G93: Đầu dò chập chờn (tồn đọng) | H93: XLTĐ | I93: Nguyên nhân: Dây tín hiệu có dấu hiệu lão hóa Thực hiện: Qua kiểm tra thiết bị đã hoạt động ổn định, kiểm tra trên DCS history report không có alarm tín hiệu đầu dò từ ngày 29.12 đến nay. Đã thông tin ĐVVH và TCNM sẽ theo dõi và yêu cầu trả bypass vào ngày mai Kết quả: Thiết bị ổn định, bypass theo dõi. Ngày mai thực hiện khi có yêu cầu TCNM & VH | M93: 2 | N93: 46028 | O93: 1 | P93: Đạt | Q93: Kíp I | R93: Kíp I Ca Ngày
A94: =A93+1 -> 29 | B94: 40PT-1031B | C94: N/A | D94: 02269/LVC | E94: UTILITY | F94: DK-AMLL | G94: Hỗ trợ VH đầu đường nito để purge theo yêu cầu VH | H94: SCĐX | I94: Nguyên nhân: Lắp đường ống tại manifold theo yêu cầu VH Thực hiện: VH cần purge đường ống mượn manifold thiết bị để purge khí nito.Đấu đường khí nito theo yêu cầu VH. Kết quả: Đã thực hiện theo yêu cầu. Bàn giao ĐVVH. | M94: 2 | N94: 46028 | O94: 1 | P94: Đạt | Q94: Kíp I | R94: Kíp I Ca Ngày
A95: =A94+1 -> 30 | B95: 21PDT-1104 | C95: N/A | D95: 02269/LVC | E95: UTILITY | F95: DK-AMLL | G95: Rò dầu khớp nối | H95: SCĐX | I95: Nguyên nhân: Rỏ khớp nối nozzol van block Thực hiện: Kiểm tra rò dầu khớp nối, tiến hành cô lập tháo fitting xiết rò đưa thiết bị đo chênh áp vào hoạt động. Kết quả: Thiết bị đo hoạt động bình thường. Bàn giao ĐVVH. | M95: 2 | N95: 46028 | O95: 1 | P95: Đạt | Q95: Kíp I | R95: Kíp I Ca Ngày
A96: =A95+1 -> 31 | B96: MÁY NGHIỀN LỒNG NPK | C96: N/A | D96: N/A | E96: NPK | F96: DK-NPK | G96: VH báo piston đóng nắp không hoạt động. | H96: SCĐX | I96: Nguyên nhân: Ống dầu Cơ khí gập khúc không có dầu qua được. Thực hiện: Kiểm tra hệ thống điều khiển hoạt động bình thường. Kiểm tra ống dầu Cơ khí bị gấp khúc ko nhả ra được gây nghẹt dầu. Đã yêu cầu NPK báo Cơ khí xử lý. Kết quả: Thiết bị điều khiển hoạt động bình thường. Bàn giao ĐVVH xử lý phần cơ khí. | M96: 2 | N96: 46028 | O96: 1 | P96: Đạt | Q96: Kíp I | R96: Kíp I Ca Ngày
A97: =A96+1 -> 32 | B97: L48001B | C97: N/A | D97: 6321/LVC | E97: SAN PHAM | F97: DK-SAN PHAM | G97: Máy may chập chờn | H97: SCĐX | I97: Nguyên nhân: Sensor cắt chỉ chưa phù hợp Thực hiện: Kiểm tra phát hiện sensor cắt chỉ vị trí chưa phù hợp, tiến hành điều chỉnh lại vị trí sensor cắt chỉ đưa thiết bị vào hoạt động Kết quả: Thiết bị hoạt động bình thường. Bàn giao ĐVVH. | M97: 2 | N97: 46029 | O97: 1 | P97: Đạt | Q97: Kíp I | R97: Kíp I Ca Ngày
A98: =A97+1 -> 33 | B98: L08202C | C98: N/A | D98: 5841/LVC | E98: NPK | F98: DK-NPK | G98: Không cấp pallet | H98: SCĐX | I98: Nguyên nhân: Sensor nhận pallet chưa phù hợp Thực hiện: Kiểm tra phát hiện sensor báo vị trí khay pallet chưa phù hợp, tiến hành điều chỉnh lại vị trí sensor đưa thiết bị vào hoạt động Kết quả: Thiết bị hoạt động bình thường. Bàn giao ĐVVH. | M98: 2 | N98: 46029 | O98: 1 | P98: Đạt | Q98: Kíp I | R98: Kíp I Ca Ngày
... A120: =A119+1 -> 55 | B120: L48001B | C120: N/A | D120: 6330/LVC | E120: SAN PHAM | F120: DK-SAN PHAM | G120: Cân B xả đạm đến 60kg vẫn không đóng cửa tinh | H120: SCĐX | I120: Nguyên nhân: Chưa tìm được nguyên nhân Thực hiện: Kiểm tra cơ cấu cơ khí bình thường, đổi đầu cân A và B cho nhau cân B vẫn xả hơn 50kg của tinh vẫn không đóng lại. Kiểm tra dây tín hiệu loadcel về đầu cân phát hiện 1 dây không siết chặt vào terminal. Sau khi siết chặt, cân đã đóng ổn định vài bao sau đó dao động bao dư ký, bao thiếu ký dần dần trôi giá trị như cũ hơn 50kg vẫn chưa đóng cửa tinh đạm đổ vào thùng gần 60kg. Chuyển ca ngày kiểm tra Kết quả: Cân đã tắt. | M120: 2 | N120: 46031 | O120: 5 | P120: Chưa đạt | Q120: Kíp IV | R120: Kíp IV Ca Đêm
A121: 1 | B121: L48001B | C121: N/A | D121: 6331/LVC | E121: SAN PHAM | F121: DK-SAN PHAM | G121: Cân B xả đạm đến 60kg vẫn không đóng cửa tinh (giao ca) | H121: XLTĐ | I121: Nguyên nhân: Barrier cửa tinh chập chờn. Thực hiện: Ca đêm 09/01/2026: Kiểm tra cơ cấu cơ khí bình thường, đổi đầu cân A và B cho nhau cân B vẫn xả hơn 50kg của tinh vẫn không đóng lại. Kiểm tra dây tín hiệu loadcell về đầu cân phát hiện 1 dây không siết chặt vào terminal. Sau khi siết chặt, cân đã đóng ổn định vài bao sau đó dao động bao dư ký, bao thiếu ký dần dần trôi giá trị như cũ hơn 50kg vẫn chưa đóng cửa tinh đạm đổ vào thùng gần 60kg. Chuyển ca ngày kiểm tra. Ca ngày 10/01/2026: Test lại cùng VH phát hiện cửa tinh đã xuất tín hiệu đóng nhưng cửa tinh không hoạt động. Đo barrier chập chờn. Tiến hành nhận vật tư thay thế đưa cân vào hoạt động bình thường. Kết quả: Cân hoạt động bình thường. Bàn giao ĐVVH | M121: 3 | N121: 46032 | O121: 1.5 | P121: Đạt | Q121: Kíp II | R121: Kíp II Ca Ngày
A122: 2 | B122: 04PI-3540 | C122: N/A | D122: 00347/LVC | E122: AMONIA | F122: DK-HIEU CHUAN | G122: VH báo rò dầu khớp nối | H122: SCĐX | I122: Nguyên nhân: Rò dầu khớp nối van vent hết dịch glycerin Thực hiện: Kiểm tra rò dầu khớp nối và nozzol vna ven. Cô lập xiết lại các khớp nối + châm thêm dịch glycerin cho đồng hồ. Kết quả: Đồng hồ áp hoạt động bình thường, bàn giao ĐVCQ | M122: 3 | N122: 46032 | O122: 0.5 | P122: Đạt | Q122: Kíp II | R122: Kíp II Ca Ngày
A123: 3 | B123: 56L4N1M151 | C123: N/A | D123: N/A | E123: UTILITY | F123: DK-SAN PHAM | G123: An toàn báo alarm tủ vùng | H123: SCĐX | I123: Nguyên nhân: Hỗ trợ an toàn theo yêu cầu. Thực hiện: Kiểm tra báo alarm Beam On, tiến hành kiểm tra cùng an toàn không có gì bất thường reset lại alarm. Kết quả: Thiết bị hoạt động bình thường, bàn giao ĐVCQ | M123: 3 | N123: 46032 | O123: 1 | P123: Đạt | Q123: Kíp II | R123: Kíp II Ca Ngày
A124: 4 | B124: 29AT-1010 | C124: N/A | D124: 2288/LVC | E124: UTILITY | F124: DK-PHAN TICH | G124: Giá trị tăng dần | H124: SCĐX | I124: Nguyên nhân: Nghi ngờ công nghệ thay đổi Thực hiện: Kiểm tra Trend giá trị tăng dần 25um/cm lên 27um/cm (6h-13h30). Qua kiểm tra vệ sinh đầu dò và đo lại với mẫu chuẩn 10um/cm KQ giá trị đo đúng đã báo lại VH tình trạng trên. Kết quả: Thiết bị hoạt động bình thường, bàn giao ĐVCQ | M124: 3 | N124: 46032 | O124: 1 | P124: Đạt | Q124: Kíp II | R124: Kíp II Ca Ngày
A125: 5 | B125: W48001E | C125: N/A | D125: 6331/LVC | E125: SAN PHAM | F125: DK-SAN PHAM | G125: Cân đối chừng line E không hoạt động | H125: SCĐX | I125: Nguyên nhân: Đầu dò kết thúc bao bị ngoại lực kéo lệch. Thực hiện: Kiểm tra thiếu dư đi qua nhưng cân không dừng. Kiểm tra đầu dò kết thúc bao bị lệch hướng. Tiến hành chỉnh lại đầu dò ngay lại. Kết quả: Cân đối chứng hoạt động bình thường, bàn giao ĐVCQ | M125: 3 | N125: 46032 | O125: 1 | P125: Đạt | Q125: Kíp II | R125: Kíp II Ca Ngày
A126: 6 | B126: L48001B | C126: N/A | D126: 6331/LVC | E126: SAN PHAM | F126: DK-NPK | G126: Cân B line B báo alarm không rõ nguyên nhân mặc dù cân đủ ký. | H126: SCĐX | I126: Nguyên nhân: Chưa rõ nguyên nhân Thực hiện: Kiểm tra cân đạt số ký hay không đạt vẫn báo alarm. Cân thỉnh thoảng dao động thiếu ký. Tiến hành đo đạc loadcell , calibration lại cân đồng thời thay đầu cân mới tuy nhiên vẫn chưa hết lỗi. Cuối giờ hết đạm nên tạm thời VH dừng cân. Chuyển ca sau tiếp tục kiểm tra khi đạm về. Kết quả: Cân đang lỗi alarm. | M126: 3 | N126: 46032 | O126: 5 | P126: Chưa Đạt | Q126: Kíp II | R126: Kíp II Ca Ngày
A127: 1 | B127: L48001B | C127: N/A | D127: 6334/LVC | E127: SAN PHAM | F127: DK-SAN PHAM | G127: Cân B line B báo alarm không rõ nguyên nhân mặc dù cân đủ ký. | H127: XLTĐ | I127: Nguyên nhân: Chưa rõ nguyên nhân Thực hiện: Ca ngày 10_01 Kiểm tra cân đạt số ký hay không đạt vẫn báo alarm. Cân thỉnh thoảng dao động thiếu ký. Tiến hành đo đạc loadcell, calibration lại cân đồng thời thay đầu cân mới tuy nhiên vẫn chưa hết lỗi. Cuối giờ hết đạm nên tạm thời VH dừng cân. Chuyển ca sau tiếp tục kiểm tra khi đạm về. Ca đêm 10_01 đo áp và trở dây tín hiệu từ đầu cân xuống hộp loadcel không thấy gì bất thường, điều chỉnh lưu luộng khí và thông cửa tinh, thô. ĐVVH đưa đạm về đóng bao thử thấy Cân vẫn dao động, chuyển ca ngày tiếp tục kiểm tra lại hộp solenoid. Kết quả: Cân vẫn còn dao động, chuyển ca ngày tiếp tục kiểm tra lại hộp đấu nối Solenoid. | M127: 3 | N127: 46032 | O127: 2.5 | P127: Chưa Đạt | Q127: Kíp I | R127: Kíp I Ca Đêm
A128: 2 | B128: HIS0258 | C128: N/A | D128: N/A | E128: AMONIA | F128: DK-DCS | G128: Copy dữ liệu theo yêu cầu | H128: SCĐX | I128: Nguyên nhân: Thực hiện theo yêu cầu Thực hiện: Thực hiện chép hình ảnh dữ liệu chạy P29201B theo yêu cầu Kết quả: Đã thực hiện theo yêu cầu. | M128: 3 | N128: 46032 | O128: 0.5 | P128: Đạt | Q128: Kíp I | R128: Kíp I Ca Đêm
A129: 3 | B129: 04TT-2039B | C129: N/A | D129: 0349/LVC | E129: AMONIA | F129: DK-NHIET DO | G129: Nhiệt độ hiển thị âm 15.7oC | H129: SCĐX | I129: Nguyên nhân: Chưa biết nguyên nhân Thực hiện: Kiểm tra nguồn cấp 18.4Vdc, dòng điện 13.01mA, do thiết bị nằm treo leo ngoài đường ống nên không tiếp cận được cần phải lắp giàn giáo kiểm tra. Thống nhất ĐVVH cal nhiệt độ theo dõi. Kết quả: Chuyển ca ngày phối hợp ĐGRR, lắp giáo kiểm tra. Hiện nhiệt đô đang hiển thị bình thường 353oC | M129: 3 | N129: 46032 | O129: 0.5 | P129: Chưa Đạt | Q129: Kíp I | R129: Kíp I Ca Đêm
A130: 1 | B130: L48001B | C130: N/A | D130: 6334/LVC | E130: SAN PHAM | F130: DK-SAN PHAM | G130: Cân B line B báo alarm không rõ nguyên nhân mặc dù cân đủ ký (tồn đọng). | H130: XLTĐ | I130: Nguyên nhân: Solenoid cửa tinh YV5 bị cong ty Thực hiện: Ca đêm 10_01 đo áp và trở dây tín hiệu từ đầu cân xuống hộp loadcel không thấy gì bất thường, điều chỉnh lưu luộng khí và thông cửa tinh, thô. ĐVVH đưa đạm về đóng bao thử thấy Cân vẫn dao động, chuyển ca ngày tiếp tục kiểm tra lại hộp solenoid. Ca ngày 11/01/2026: Kiểm tra tổng thể barrier, lưu lượng khí và loadcell.. phát hiện solenoid khí cửa tinh YV5 bị cong ty gây khi đóng/mở solenoid bị sượng. Tiến hành nhận solenoid spare thay thế đưa cân vào hoạt động bình thường. Kết quả: Cân hoạt động bình thường. Bàn giao ĐVVH. | M130: 3 | N130: 46033 | O130: 3 | P130: Đạt | Q130: Kíp II | R130: Kíp II Ca Ngày
A131: 2 | B131: 04TT-2039B | C131: N/A | D131: 0349/LVC | E131: AMONIA | F131: DK-NHIET DO | G131: Nhiệt độ hiển thị âm 15.7oC (giao ca) | H131: XLTĐ | I131: Nguyên nhân: Chưa biết nguyên nhân Thực hiện: Ca đêm 10/01/2026: Kiểm tra nguồn cấp 18.4Vdc, dòng điện 13.01mA, do thiết bị nằm treo leo ngoài đường ống nên không tiếp cận được cần phải lắp giàn giáo kiểm tra. Thống nhất ĐVVH cal nhiệt độ theo dõi. Ca ngày 11/01/2026: Trao đổi cùng VH và TCNM tiếp cận thiết bị không có hơi nóng phà vào, tiến hành đo đạc sensor cả 3 thiết bị nhiệt độ ABC ổn định không bị dao động. Looptest 5 điểm ghi report kiểm tra transmitter không phát hiện bất thường. Tiến hành xiết lại các điểm nối, terminer, dây tiếp địa .. không có dấu hiện bất thường. Thông tin lại tình trạng VH theo dõi, VH đã nhả CAL đưa vào hoạt động. Kết quả: Thiết bị đo nhiệt đang hiển thị bình thường 353oC. Bàn giao ĐVVH theo dõi. | M131: 3 | N131: 46033 | O131: 2.5 | P131: Đạt | Q131: Kíp II | R131: Kíp II Ca Ngày
A132: 3 | B132: Z07601 | C132: N/A | D132: 00548/LVC | E132: UREA | F132: DK-PHAN TICH | G132: Trạm quan trắc Urea giá trị đi ngang | H132: SCĐX | I132: Nguyên nhân: Bộ Datalogger bị treo giá trị NH3 Thực hiện: Kiểm tra tín hiệu truyền nhận tốt. HMI tín hiệu NH3 đứng im các tín hiệu khác đo bình thường. Tiến hành reset lại bộ Datalogger đưa thiết bị đo NH3 vào hoạt động. Kết quả: Thiết bị hoạt động bình thường. Bàn giao ĐVVH. | M132: 3 | N132: 46033 | O132: 1 | P132: Đạt | Q132: Kíp II | R132: Kíp II Ca Ngày
... A139: 3 | B139: MÁY TÍNH BÀN HỆ THỐNG ĐẾM BAO | C139: N/A | D139: N/A | E139: GIAO NHẬN | F139: DK-SAN PHAM | G139: Không mở được phần mềm Ultraview | H139: SCĐX | I139: Nguyên nhân: Đường truyền internet gặp sự cố. Thực hiện: Kiểm tra máy tính hoạt động bình thường, Khi mở Ultraview lên phần mềm báo đang dò ID. Dò mà không ra ID. Tiến hành reset máy tính thì báo không có internet. Báo P.Giao nhận gọi bộ phận IT hỗ trợ. Sau khi IT xử lý lỗi internet Ultraview đã hoạt động bình thường Kết quả: Máy tính đã hoạt động bình thường | M139: 3 | N139: 46034 | O139: 1.5 | P139: Đạt | Q139: Kíp IV | R139: Kíp IV Ca Ngày
A140: 1 | B140: W48001E | C140: N/A | D140: 6351/lvc | E140: 0 | F140: DK-SAN PHAM | G140: Cân Alarm khi bao đi qua. | H140: XLTĐ | I140: Nguyên nhân: Lệch sensor kết thúc bao Thực hiện: Kiểm tra, khi bao đi qua cân đủ kg, nhưng cân vẫn báo Alarm. Tiến hành cân chỉnh lại sensor kết thúc bao. Cân đã hoạt động bình thường. Bàn giao VH Kết quả: Cân đã hoạt động bình thường. Bàn giao VH | M140: 3 | N140: 46034 | O140: 1 | P140: Đạt | Q140: Kíp III | R140: Kíp III Ca Đêm
A141: 2 | B141: L48001B | C141: N/A | D141: 6351/lvc | E141: 0 | F141: DK-SAN PHAM | G141: Cân B sai kg | H141: XLTĐ | I141: Nguyên nhân: Chưa rox nguyên nhân Thực hiện: Kiểm tra, cân đóng bao 50kg, cân bàn 49,5kg. Thùng cân chưa phát hiện bất thường. Tiến hành calib lại cân với quả cân chuẩn, cân đã cân đúng sau khi calib. Bàn giao VH Kết quả: Cân đã cân đúng sau khi calib. Bàn giao VH | M141: 3 | N141: 46034 | O141: 1 | P141: Đạt | Q141: Kíp III | R141: Kíp III Ca Đêm
A142: 1 | B142: 06TI-2172B | C142: N/A | D142: 0552/LVC | E142: UREA | F142: DK-HIEU CHUAN | G142: Giá trị TI lệch 10oC so với 06TT-2171B(tồn đọng) | H142: XLTĐ | I142: Nguyên nhân: Kim lệch. Thực hiện: Tháo TI mang về tổ Hiệu chuẩn kiểm tra. Do nguồn lực tổ đang thực hiện công tác khác nên chưa xử lý. Hôm sau sẽ xử lý. Ngày 13/1/26 Sau khi Tổ Hiệu chuẩn sửa xong lắp lại. Kết quả: Thiết bị đã khắc phục | M142: 3 | N142: 46035 | O142: 0.5 | P142: Đạt | Q142: Kíp IV | R142: Kíp IV Ca Ngày
A143: 2 | B143: L48006D | C143: N/A | D143: 4609/LVC | E143: GIAO NHẬN | F143: DK-SAN PHAM | G143: Tháo 3 switch giới hạn hành trình để P.Giao nhận Cam shiploader | H143: SCĐX | I143: Nguyên nhân: Cam shiploader cần tháo switch Thực hiện: Đã tháo switch treo gọn lại bàn giao cho đội CAM thiết bị Kết quả: Thiết bị đã tháo | M143: 3 | N143: 46035 | O143: 1 | P143: Đạt | Q143: Kíp IV | R143: Kíp IV Ca Ngày
A144: 3 | B144: F08101 | C144: N/A | D144: 5758/LVC | E144: NPK | F144: DK-NPK | G144: Khi dừng buồng đốt có còi alarm gây tiếng ồn. Vận hành yêu cầu tắt còi | H144: SCĐX | I144: Nguyên nhân: Tắt còi gây tiếng ồn Thực hiện: X.NPK đang bảo dưỡng nên điều kiện bồng đốt không thỏa alarm gây tiếng ồn. Đã cách ly relay 350RL04 cấp nguồn ra còi. Kết quả: Đã cách ly còi | M144: 3 | N144: 46035 | O144: 1 | P144: Đạt | Q144: Kíp IV | R144: Kíp IV Ca Ngày
A145: 4 | B145: 34PI-206 | C145: N/A | D145: 2218/LVC | E145: UTILITY | F145: DK-HIEU CHUAN | G145: PI rò glycerin | H145: SCĐX | I145: Nguyên nhân: Kính nứt gây rò glycerin Thực hiện: Kiểm tra thấy mặt kính bể. Do cấu tạo không thể thay thế kính nên trao đổi Vận hành công nghệ ít rung nên không cần châm glycerin. Khi nào hỏng sẽ thay mới. Kết quả: Tận dụng sử dụng tiếp | M145: 3 | N145: 46035 | O145: 1 | P145: Đạt | Q145: Kíp IV | R145: Kíp IV Ca Ngày
A146: 5 | B146: EMS-WW | C146: N/A | D146: 2218/LVC | E146: UTILITY | F146: DK-PHAN TICH | G146: Thiết bị đo PH trạm quan trắc nước thải giá trị cao 9 so với bình thường 7-8 | H146: SCĐX | I146: Nguyên nhân: Đầu dò trôi giá trị Thực hiện: Dùng dung dịch PH chuẩn calibration sensor. Thiết bị đã đo đúng. Hiện tại PH 7.5 Kết quả: Thiết bị đã làm việc đúng | M146: 3 | N146: 46035 | O146: 1 | P146: Đạt | Q146: Kíp IV | R146: Kíp IV Ca Ngày
A147: 6 | B147: PT04301A | C147: N/A | D147: 0373/LVC | E147: AMONIA | F147: DK-DCS | G147: Sau khi Cơ khí bảo dưỡng pump yêu cầu nâng setpoint 04VE-3112X/Y giá trị HH từ 150 lên 200mm và H từ 140 lên 190mm để chạy turbine | H147: SCĐX | I147: Nguyên nhân: Cần nâng setpoint trước chạy turbine tránh rung trip Thực hiện: Thực hiện theo bảng ĐGRR nâng giá trị setpoint X.Amo chạy lại turbine. Sau khi chạy thành công đã trả lại setpoint cũ Kết quả: Đã thực hiện công việc và hoàn trả tình trạng như ban đầu | M147: 3 | N147: 46035 | O147: 2 | P147: Đạt | Q147: Kíp IV | R147: Kíp IV Ca Ngày
A148: 1 | B148: 21LI-1081 | C148: N/A | D148: 002286/lvc | E148: UTILITY | F148: DK-AMLL | G148: VH báo xoay thước hiển thị theo nhu cầu.(Hạng mục PM hỗ trợ AM ) | H148: XLTĐ | I148: Nguyên nhân: Thực hiện theo y/c VH. Thực hiện: Kiểm tra, thực hiện theo y/c VH xoay thước hiển thị xoay ra ngoài, để từ cửa nhìn thấy được thước đo mức. Thiết bị đã được xoay theo y/c. Kết quả: Hạng mục đã được hỗ trợ theo yêu cầu . | M148: 3 | N148: 46035 | O148: 1 | P148: Đạt | Q148: Kíp III | R148: Kíp III Ca Đêm
A149: 1 | B149: 06GT-1024 | C149: N/A | D149: 563/LVC | E149: UTILITY | F149: DK-PHAN TICH | G149: Kiểm tra lỗi tín hiệu báo BAD trên HT DCS | H149: SCĐX | I149: Nguyên nhân: Thực hiện theo y/c VH. Thực hiện: Kiểm tra, thực hiện zero lại thiết bị Kết quả: Thiết bị dã hết lỗi Bad, bàn giao ĐVCQ | M149: 3 | N149: 46036 | O149: 0.5 | P149: Đạt | Q149: Kíp I | R149: Kíp I Ca Ngày
A150: 2 | B150: Z08101 | C150: N/A | D150: 2298/LVC | E150: NPK | F150: DK-PHAN TICH | G150: Kiểm tra lỗi mất kết nối với hệ thống WEB | H150: SCĐX | I150: Nguyên nhân: Thực hiện theo y/c VH. Thực hiện: Kiểm tra thấy jack RJ45 kết nối bộ quang điện bị oxy hóa, vệ sinh lại Jack mạng và reset lại bộ dataloger. Dữ liệu đã hiển thi lên Web bình thường. Kết quả: Thiết bị đã hoạt động bình thường, bàn giao ĐVCQ | M150: 3 | N150: 46036 | O150: 0.5 | P150: Đạt | Q150: Kíp I | R150: Kíp I Ca Ngày
A151: 3 | B151: 06AT-1103 | C151: N/A | D151: 563/LVC | E151: UREA | F151: DK-PHAN TICH | G151: Hết bình khí Argon dự phòng | H151: SCĐX | I151: Nguyên nhân: Thay thế định kỳ Thực hiện: Thay thế định kỳ bình Argon dự phòng. Kết quả: Đã thay bình Argon dự phòng vào thiết bị, bàn giao ĐVCQ | M151: 3 | N151: 46036 | O151: 0.5 | P151: Đạt | Q151: Kíp I | R151: Kíp I Ca Ngày
A152: 4 | B152: 04UXX-0010 | C152: N/A | D152: 0380/LVC 845/CNCL | E152: AMONIA | F152: DK-PLC | G152: Force tín hiệu theo yêu cầu | H152: SCĐX | I152: Nguyên nhân: Thực hiện theo yêu cầu Thực hiện: Force tín hiệu 04UXX-0010 lên 1 theo yêu cầu. Kết quả: Cuối ca đã bỏ force tín hiệu theo yêu cầu | M152: 3 | N152: 46036 | O152: 0.5 | P152: Đạt | Q152: Kíp I | R152: Kíp I Ca Ngày
A153: 5 | B153: BỎ POS | C153: N/A | D153: N/A | E153: AMONIA | F153: DK-PLC | G153: Hỗ trợ kiểm tra tín hiệu đê ĐVCQ bỏ POS | H153: SCĐX | I153: Nguyên nhân: Thực hiện theo yêu cầu Thực hiện: Đã hỗ trợ ĐVCQ bỏ POS các tín hiệu 04HBS-F2011, F2015, F2019, F2026, F2030, K04431, P29201A/B sau khi chạy lại máy. Kết quả: Đã hỗ trợ theo yêu cầu ĐVCQ. | M153: 3 | N153: 46036 | O153: 0.5 | P153: Đạt | Q153: Kíp I | R153: Kíp I Ca Ngày
... A209: 1 | B209: 06LT-1122 | C209: N/A | D209: 621/lvc | E209: UREA | F209: DK-AMLL | G209: Đo sai | H209: SCĐX | I209: Nguyên nhân: Tắc ngăn high Thực hiện: Kiểm tra thấy giá trị hiện thị tại transmitter -87%. Tiến hành cô lập thiết bị thông tắc ngăn high đưa thiết bị vào hoạt động Kết quả: Thiết bị hoạt động bình thường bàn giao cho ĐVVH. | M209: 5 | N209: 46046 | O209: 1 | P209: Đạt | Q209: Kíp III | R209: Kíp III Ca Ngày
...

Sheet BC_LĐNM
A1: STT | B1: HANG_MUC | C1: THONG_TIN_TU_VH | D1: TUAN | E1: KQ | F1: NOI_DUNG_THUC_HIEN | K1: =COUNTIF(J:J,"*") -> 3 | L1: HM chưa đạt trong tuần
A2: 1 | B2: 06PXT-0250B | C2: Thiết bị đo áp bị dao động cao ( tồn đọng) | D2: 21 | E2: Đạt | F2: Nguyên nhân: Bộ D/A lỗi. Thực hiện: 14/5 :Kiểm tra giá trị đo áp có xung tăng giảm liên tục. Tiến hành MOS giá trị (HH&LL) trên ESD.Kiểm tra tại site vent không phát hiện bất thường. 15/5 PV dao động mạnh, kiểm tra bộ D/A dao động, tiến hành nhận vật tư, test report transmitter mới. 16/5: Thay mới transmitter, loop test , report cùng VH, thiết bị hoạt động bình thường, bàn giao VH Kết quả: Thiết bị hoạt động bình thường, bàn giao VH, bỏ bypass tín hiệu LL, HH theo yêu cầu vận hành sau khi theo dõi thấy ổn. Thiết bị hoạt động bình thường, bàn giao VH | G2: DK-AMLL | J2: {=_xlfn._xlws.FILTER(B2:B275, _xlfn.XLOOKUP(B2:B275, B2:B275, E2:E275, ,0,-1)="Chưa đạt")} -> Camera 44/45/46/47 | K2: {=_xlfn._xlws.FILTER(C2:C275, _xlfn.XLOOKUP(B2:B275, B2:B275, E2:E275,,0,-1)="Chưa đạt")} -> An Toàn báoCamera 44/45/46/47 khu vực phía sau nhà đóng bao NPK | L2: {=_xlfn.UNIQUE(_xlfn._xlws.FILTER(F2:F275, _xlfn.XLOOKUP(B2:B275, B2:B275, E2:E275,,0,-1)="Chưa đạt"))} -> Nguyên nhân : Không cón tín hiệu truyền thông quang. Thực hiện: Kiểm tra các tủ box đấu nối thì phát hiện không có tín hiệu truyền thông quang, chưa rõ nguyên nhân. An Toàn đã thông tin nhà thầu kiểm tra lại Kết quả: Hiện camera chưa lên hình, An Toàn đã thông tin nhà thầu kiểm tra lại .
A3: 2 | B3: Z08301A/B | C3: VH báo off nguồn PLC | D3: 21 | E3: Đạt | F3: Nguyên nhân : Thực hiện theo y/c VH. Thực hiện: Theo y/c VH off nguồn PLC cho VH vệ sinh, sau khi vệ sinh xong tiến hành On lại nguồn. Thiết bị hoạt động bình thường, bàn giao ĐVVH. Kết quả: Thiết bị hoạt động bình thường, bàn giao ĐVVH. | G3: DK-NPK | J3: 06PI-2258 | K3: Giá trị đo sai (35 bar so với giá trị VH bình thường là 40 bar) . | L3: Nguyên nhân : Chưa biết nguyên nhân . Thực hiện: Quan sát thấy thiết bị đo sai với thực tế, tiến hành thực hiện theo y/c VH tháo 06PI-2257 sang lắp thay thế cho 06PI-2258. Hiện tại 06PI-2258 đem về phòng trực ca, chuyển ca ngày 18/5 đầu tuần mang sang Tổ HC kiểm tra lại. Kết quả: Chuyển ca ngày 18/5 đầu tuần mang sang Tổ HC kiểm tra lại.
A4: 3 | B4: 06AT-1103 | C4: VH báo hết khi Argon | D4: 21 | E4: Đạt | F4: Nguyên nhân : Hết khí Argon Thực hiện: Quan sát thấy hết khí Argon, tổ Phân tích hỗ trợ online- lấy chay khí kho WEC lên thay, phối hợp An toàn vận chuyển 2 chai khí đến vi trí chai khí dự phòng và thay thế. Thiết bị hoạt động bình thường, bàn giao ĐVVH. Kết quả: Thiết bị hoạt động bình thường, bàn giao ĐVVH. | G4: DK-PHAN TICH | J4: 48XS-0048A | K4: Hỏng switch lệch băng | L4: Nguyên nhân: Hỏng switch lệch băng Thực hiện: Kiểm tra băng tải hỏng switch lệch băng, thực hiện nhận vật tư mới thay thế, tuy nhiên do nhu cầu xuất hàng ĐVCQ chưa dừng được, chuyển ca sau phối hợp xử lý Kết quả: Đã nhận thiết bị mới về phòng ca, chuyển ca sau thực hiện thay thế khi có cơ hội
A5: 4 | B5: 04TT-3011 | C5: Thiết bị Alarm I.O.P sau đó recover lại Normal | D5: 21 | E5: Đạt | F5: Nguyên nhân : Chưa rõ nguyên nhân, nghi lão hóa trans Thực hiện: Kiểm tra đo áp Vcc= 13,4Vdc, TC K~ 51,2 degC, transmitter TH400, ragne : 0~100 degC, looptest sai số trong phạm vi = 0.8decC. Tiếp địa bình thường . Chưa phát hiện bất thường ở thiết bị, bàn giao VH theo dõi thêm. Kết quả: Chưa phát hiện bất thường ở thiết bị, bàn giao VH theo dõi thêm. | G5: DK-HIEU CHUAN
A6: 5 | B6: L08202B | C6: VH báo bể ống khí | D6: 21 | E6: Đạt | F6: Nguyên nhân : Lão hóa, bể ống khí Thực hiện: Kiểm tra thấy ống khí cấp làm mát cho tủ ĐK bị bể, tiến hành sử dụng vật tư dự phòng thay thế. Thiết bị hoạt động bình thường, bàn giao ĐVVH. Kết quả: Thiết bị hoạt động bình thường, bàn giao ĐVVH. | G6: DK-HIEU CHUAN
A7: 6 | B7: Camera 44/45/46/47 | C7: An Toàn báoCamera 44/45/46/47 khu vực phía sau nhà đóng bao NPK | D7: 21 | E7: Chưa đạt | F7: Nguyên nhân : Không cón tín hiệu truyền thông quang. Thực hiện: Kiểm tra các tủ box đấu nối thì phát hiện không có tín hiệu truyền thông quang, chưa rõ nguyên nhân. An Toàn đã thông tin nhà thầu kiểm tra lại Kết quả: Hiện camera chưa lên hình, An Toàn đã thông tin nhà thầu kiểm tra lại . | G7: DK-CCTV | H7: Chuyển nhà thầu xử lý
A8: 7 | B8: L48002C | C8: VH báo bao ngã cong support sensor | D8: 21 | E8: Đạt | F8: Nguyên nhân : Bao ngã làm ảnh hưởng. Thực hiện: Quan sát thấy bao đổ ngã trúng, làm cong support sensor SG10, tiến hành nắn lại support và điều chỉnh lại vị trí sensor cho phù hợp. Thiết bị hoạt động bình thường, bàn giao ĐVVH. Kết quả: Thiết bị hoạt động bình thường, bàn giao ĐVVH. | G8: DK-SAN PHAM
A9: 8 | B9: W48001E | C9: VH báo cân đối chứng lỗi. | D9: 21 | E9: Đạt | F9: Nguyên nhân : Nghi ngờ đầu cân treo tín hiệu. Thực hiện: Quan sát thấy cân sai ký so với thực tế, tiến hành zero và calib thiết bị thì luôn treo giá trị âm và giá trị khác so với tải chuẩn. Tiến hành reset lại nguồn và PLC, sau khi reset, thiết bị hoạt động bình thường, bàn giao ĐVVH. Kết quả: Thiết bị hoạt động bình thường, bàn giao ĐVVH. | G9: DK-HIEU CHUAN
A10: 9 | B10: Van số 3 xuất hàng xá | C10: VH báo rò van và không mở được. | D10: 21 | E10: Đạt | F10: Nguyên nhân : Rò van xoay tay Thực hiện: Quan sát thấy van rò khí lớn và không mở được cửa đạm, tiến hành tháo vệ sinh làm kín các ron và thiết bị. Sau khi lắp lại test cùng VH, thiết bị hoạt động bình thường, bàn giao ĐVVH. Kết quả: Thiết bị hoạt động bình thường, bàn giao ĐVVH. | G10: DK-VALVE
A11: 10 | B11: 06PI-2258 | C11: Giá trị đo sai (35 bar so với giá trị VH bình thường là 40 bar) . | D11: 21 | E11: Chưa đạt | F11: Nguyên nhân : Chưa biết nguyên nhân . Thực hiện: Quan sát thấy thiết bị đo sai với thực tế, tiến hành thực hiện theo y/c VH tháo 06PI-2257 sang lắp thay thế cho 06PI-2258. Hiện tại 06PI-2258 đem về phòng trực ca, chuyển ca ngày 18/5 đầu tuần mang sang Tổ HC kiểm tra lại. Kết quả: Chuyển ca ngày 18/5 đầu tuần mang sang Tổ HC kiểm tra lại. | G11: DK-HIEU CHUAN | H11: Đã xử lý trong ca sau
A12: 11 | B12: WT48001E | C12: Cân đối chứng dư ký | D12: 21 | E12: Đạt | F12: Nguyên nhân: Lệch zero Thực hiện: Kiểm tra cân sai ký do lệch zero 200g. Kiểm tra các điều kiện bình thường tiến hành zero lại đầu cân. Cân đã hoạt động đúng. Kết quả: Thiết bị hoạt động bình thường. | G12: DK-SAN PHAM
A13: 12 | B13: 48XS-0048A | C13: Vận hành báo băng tải V48016A báo lệch trên hệ thống | D13: 21 | E13: Đạt | F13: Nguyên nhân: Do switch lệch băng tải hỏng. Thực hiện: Kiểm tra switch lệch băng tải kẹt cứng do rỉ sét không còn đàn hồi. Điều chỉnh lạ điểm không báo alarm. Thông báo vận hành kiểm soát độ lệch, ca ngày 18/5 sẽ nhận vật tư thay thế. Kết quả: Switch mất đàn hồi | G13: DK-SAN PHAM | H13: Đã xử lý trong ca sau
A14: 13 | B14: L08201C | C14: Máy dán tem không hoạt động | D14: 21 | E14: Đạt | F14: Nguyên nhân: Sensor piston đẩy tem lệch vị trí Thực hiện: Kiểm tra sensor piston đẩy bao lệch vị trí. Tiến hành cân chỉnh lại vị trí sensor cho phù hợp máy dán tem đã hoạt động bình thường. Kết quả: Thiết bị hoạt động bình thường. | G14: DK-NPK
A15: 14 | B15: L08201B | C15: Cân sai ký | D15: 21 | E15: Đạt | F15: Nguyên nhân: Thông số chưa phù hợp Thực hiện: Kiểm tra điều chỉnh lại thông số cân, bàn giao ĐVVH Kết quả: Thiết bị hoạt động bình thường, bàn giao ĐVVH | G15: DK-SAN PHAM
A16: 15 | B16: L08202C | C16: Không hoạt động được | D16: 21 | E16: Đạt | F16: Nguyên nhân: Bể ống khí ngàm kẹp Thực hiện: Kiểm tra phát hiện bể ống khí ngàm kẹp, thay mới ống khí bàn giao ĐVVH Kết quả: Thiết bị hoạt động bình thường, bàn giao ĐVVH | G16: DK-SAN PHAM
A17: 16 | B17: L08201C | C17: Cân dư ký | D17: 21 | E17: Đạt | F17: Nguyên nhân: Thông số cửa tin cao Thực hiện: Kiểm tra phát hiện thông số cửa tin cao, tiến hành điều chỉnh thông số cửa tin, bàn giao ĐVVH Kết quả: Thiết bị hoạt động bình thường, bàn giao ĐVVH | G17: DK-NPK
A18: 17 | B18: L08301B | C18: Không di chuyển được | D18: 21 | E18: Đạt | F18: Nguyên nhân:Switch báo vị trí không tác động Thực hiện: Kiểm tra phát hiện switch báo vị trí không hoạt động được, tiến hành điều chỉnh lại vị trí switch đưa thiết bị vào hoạt động Kết quả: Thiết bị hoạt động bình thường, bàn giao ĐVVH | G18: DK-NPK
A19: 18 | B19: Z04201 | C19: Không có lưu lượng | D19: 21 | E19: Đạt | F19: Nguyên nhân: Lưu lượng plant air yếu Thực hiện: Kiểm tra phát hiện lưu lượng plant air đưa vào thiết bị yếu, thực hiện điều chỉnh lại lưu lượng đưa thiết bị vào hoạt động Kết quả: Thiết bị hoạt động bình thường vàn giao ĐVVH | G19: DK-HIEU CHUAN
A20: 19 | B20: EMS-WW | C20: pH cao | D20: 21 | E20: Đạt | F20: Nguyên nhân: Chưa rõ nguyên nhân Thực hiện: Kiểm tra thấy giá trị pH cao, tiến hành kiểm tra với mẫu chuẩn thì lệch 1 pH, thực hiện calibrate lại đưa thiết bị vào hoạt động Kết quả: Thiết bị hoạt động bình thường vàn giao ĐVVH | G20: DK-PHAN TICH
A21: 20 | B21: 04PDT-3057 | C21: Rò khớp nối | D21: 21 | E21: Chưa đạt | F21: Nguyên nhân: Chưa rõ nguyên nhân Thực hiện: Kiểm tra phát hiện rò khớp nối, thực hiện siết không hết rò, thiết bị không tháo được do vướng mặt bích thiết bị đo áp, chuyển ca sau tìm giải pháp xử lý Kết quả: Thiết bị vẫn còn rò nhỏ | G21: DK-AMLL
A22: 21 | B22: 06TI-2201A | C22: Lắp lại PI | D22: 21 | E22: Đạt | F22: Nguyên nhân: Lệch zero Thực hiện: Ca ngày 15/05 thực hiện tháo TI về kiểm tra theo yêu cầu, Ca ngày 18/05 thực hiện lắp lại sau khi tổ chuyên môn kiểm tra xong Kết quả: Thiết bị hoạt động bình thường vàn giao ĐVVH | G22: DK-HIEU CHUAN
A23: 22 | B23: 07SSLMS2652A | C23: Trả MOS | D23: 21 | E23: Đạt | F23: Nguyên nhân: Thực hiện theo yêu cầu Thực hiện: Kiểm tra giá trị SSL sàn rung A bình thường, tiến hành trả MOS theo yêu cầu ĐVCQ Kết quả: Đã trả MOS theo yêu cầu ĐVCQ | G23: DK-SAN PHAM
A24: 23 | B24: Dự án LTS | C24: Khảo sát cáp ngầm theo yêu cầu | D24: 21 | E24: Đạt | F24: Nguyên nhân: Khảo sát dây cáp ngầm Thực hiện: Thực hiện kiểm tra đoạn cáp ngầm theo yêu cầu xưởng Ammonia, sau khi kiểm tra không phải cáp điều khiển, chuyển xưởng Ammonia bàn giao Điện kiểm tra Kết quả: Đã kiểm tra theo yêu cầu | G24: DK-HIEU CHUAN
A25: 24 | B25: 48XS-0048A | C25: Hỏng switch lệch băng | D25: 21 | E25: Chưa đạt | F25: Nguyên nhân: Hỏng switch lệch băng Thực hiện: Kiểm tra băng tải hỏng switch lệch băng, thực hiện nhận vật tư mới thay thế, tuy nhiên do nhu cầu xuất hàng ĐVCQ chưa dừng được, chuyển ca sau phối hợp xử lý Kết quả: Đã nhận thiết bị mới về phòng ca, chuyển ca sau thực hiện thay thế khi có cơ hội | G25: DK-SAN PHAM | H25: Đã xử lý trong ca sau
A26: 25 | B26: L48001A | C26: Cân B line A dao động | D26: 21 | E26: Đạt | F26: Nguyên nhân: Cửa tin đóng chậm Thực hiện: Kiểm tra phát hiện cửa tin đống chậm tiến hành điều chỉnh khí nén và thông số cửa đưa thiết bị vào hoạt động Kết quả: Thiết bị hoạt động bình thường, bàn giao ĐVCQ | G26: DK-SAN PHAM
A27: 26 | B27: W48001E | C27: Dư ký | D27: 21 | E27: Đạt | F27: Nguyên nhân: Chưa rõ nguyên nhân Thực hiện: Kiểm tra phát hiện cân sai so với tạ chuẩn, tiến hành calibrate lại cân, bàn giao ĐVCQ Kết quả: Thiết bị hoạt động bình thường. | G27: DK-SAN PHAM
A28: 27 | B28: L48006C | C28: Không chạy được | D28: 21 | E28: Đạt | F28: Nguyên nhân: Lỗi biến tần Thực hiện: Kiểm tra phát hiện biến tần lỗi, chuyển ĐVCQ bàn giao VH điện xử lý Kết quả: Đã kiểm tra thiết bị điều khiển bình thường, bàn giao Điện xử lý | G28: DK-SAN PHAM
A29: 28 | B29: L48001A | C29: Chuyển cân xuống 40kg | D29: 21 | E29: Đạt | F29: Nguyên nhân:Thực hiện theo yêu cầu Thực hiện: Kiểm tra thực hiện chuyển cân từ 50kg xuống 40kg, điều chỉnh thông số, bàn giao ĐVCQ Kết quả: Thiết bị hoạt động bình thường, bàn giao ĐVCQ | G29: DK-SAN PHAM
A30: 29 | B30: L48002A | C30: Chuyển robot bốc bao 40kg | D30: 21 | E30: Đạt | F30: Nguyên nhân:Thực hiện theo yêu cầu Thực hiện: Kiểm tra thực hiện chuyển robot bốc bao từ 50kg xuống 40kg, sau khi điều chỉnh xong robot hoạt động bình thường bàn giao ĐVCQ Kết quả: Thiết bị hoạt động bình thường, bàn giao ĐVCQ | G30: DK-SAN PHAM
A31: 30 | B31: 40PI-2013 | C31: Tháo theo yêu cầu | D31: 21 | E31: Chưa đạt | F31: Nguyên nhân:Thực hiện theo yêu cầu Thực hiện: Kiểm tra thực hiện tháo PI để ĐVCQ điền nước vào bồn, sẽ lắp lại sau khi ĐVCQ thực hiện xong công việc Kết quả: Thiết bị đã tháo, sẽ thực hiện lắp lại sau khi ĐVCQ thực hiện xong việc | G31: DK-HIEU CHUAN | H31: Đã xử lý xong trong ca sau
A32: 31 | B32: MAY IN L48001D | C32: Lệch tia mực | D32: 21 | E32: Đạt | F32: Nguyên nhân: Thực hiện theo yêu cầu Thực hiện: Máy in đã hết lỗi sau khi vệ sinh và cân chỉnh lại tia mực. Kết quả: Đã thực hiện theo yêu cầu,, bàn giao ĐVCQ | G32: DK-SAN PHAM
A33: 32 | B33: 48XS-0044A | C33: Hỏng switch lệch băng | D33: 21 | E33: Đạt | F33: Nguyên nhân: Thực hiện theo yêu cầu Thực hiện: Gia cố lại Switch theo yêu cầu. Kết quả: Đã thực hiện theo yêu cầu, bàn giao ĐVCQ | G33: DK-SAN PHAM
A34: 33 | B34: L48002B | C34: Robot xếp bao 25kg lệch | D34: 21 | E34: Đạt | F34: Nguyên nhân: Thực hiện theo yêu cầu Thực hiện: Calibarte lại vị trí tọa độ bao 2.1 và 2.4 theo yêu cầu. Kết quả: Đã thực hiện theo yêu cầu, bàn giao ĐVCQ | G34: DK-SAN PHAM
A35: 34 | B35: W48001A | C35: Cân báo lỗi | D35: 21 | E35: Đạt | F35: Nguyên nhân: Thực hiện theo yêu cầu Thực hiện: Vệ sinh lại jack kết nối, cân đã hết báo lỗi. Kết quả: Đã thực hiện theo yêu cầu, bàn giao ĐVCQ | G35: DK-SAN PHAM
A36: 35 | B36: MAY RFID L08201C | C36: Báo lỗi | D36: 21 | E36: Đạt | F36: Nguyên nhân: Thực hiện theo yêu cầu Thực hiện: Điều chỉnh lại sensor theo yêu cầu Kết quả: Đã thực hiện theo yêu cầu, bàn giao ĐVCQ | G36: DK-NPK
A37: 36 | B37: L08201C | C37: Giảm cân đóng bao xuống 100g | D37: 21 | E37: Đạt | F37: Nguyên nhân: Thực hiện theo yêu cầu Thực hiện: Điều chỉnh lại thông số cân giảm 100g theo yêu cầu Kết quả: Đã thực hiện theo yêu cầu, bàn giao ĐVCQ | G37: DK-NPK
A38: 37 | B38: V48016D | C38: Hỏng switch lệch băng (giao ca) | D38: 21 | E38: Đạt | F38: Nguyên nhân: Hỏng switch lệch băng Thực hiện: Ca ngày 18/05/2025: Kiểm tra băng tải hỏng switch lệch băng, thực hiện nhận vật tư mới thay thế, tuy nhiên do nhu cầu xuất hàng ĐVCQ chưa dừng được, chuyển ca sau phối hợp xử lý. Ca ngày 19/05/2025: Sau khi kiểm tra thiết bị đang hoạt động tốt, bàn giao ĐVVH theo dõi thêm. Kết quả: Thiết bị hoạt động bình thường. Bàn giao ĐVVH | G38: DK-SAN PHAM
A39: 38 | B39: V48016A 48XS-0048A | C39: Hỏng switch lệch băng (giao ca) | D39: 21 | E39: Đạt | F39: Nguyên nhân: Hỏng switch lệch băng Thực hiện: Ca ngày 18/05/2025: Kiểm tra băng tải hỏng switch lệch băng, thực hiện nhận vật tư mới thay thế, tuy nhiên do nhu cầu xuất hàng ĐVCQ chưa dừng được, chuyển ca sau phối hợp xử. Ca ngày 19/05/2025: Sau khi VH dừng băng tải, tiến hành thay mới từ thiết bị, đưa vào hoạt động. Kết quả: Thiết bị hoạt động bình thường. Bàn giao ĐVVH | G39: DK-SAN PHAM
A40: 39 | B40: 04PDT-3057 | C40: Rò khớp nối (giao ca) | D40: 21 | E40: Đạt | F40: Nguyên nhân: Chưa rõ nguyên nhân Thực hiện: Ca ngày 18/05/2026: Kiểm tra phát hiện rò khớp nối, thực hiện siết không hết rò, thiết bị không tháo được do vướng mặt bích thiết bị đo áp, chuyển ca sau tìm giải pháp xử lý. Ca Ngày 19/05/2026: Tiếp tục kiểm tra siết rò đưa thiết bị vào hoạt động. Kết quả: Thiết bị hoạt động bình thường. Bàn giao ĐVCQ | G40: DK-AMLL
A41: 40 | B41: 04PDT-7011 | C41: Giá trị đo dao động | D41: 21 | E41: Đạt | F41: Nguyên nhân: Nghi bọt khí trong đường ống. Thực hiện: Kiểm tra tiến hành xả vent bọt khí đường ống. Giá trị đo ổn định khi đưa vào hoạt động. Kết quả: Thiết bị đo chênh áp hoạt động bình thường. Bàn giao ĐVVH | G41: DK-AMLL
A42: 41 | B42: Z04201 | C42: Lưu lượng giảm đột ngột | D42: 21 | E42: Đạt | F42: Nguyên nhân: Lưu lượng plant air yếu Thực hiện: Kiểm tra theo yêu cầu phát hiện lưu lượng plant air đưa vào thiết bị giảm yếu, tiến hành phối hợp VH điều chỉnh lại lưu lượng khí plant air đưa thiết bị vào hoạt động. Kết quả: Thiết bị hoạt động bình thường vàn giao ĐVVH theo dõi. | G42: DK-PHAN TICH
A43: 42 | B43: 40PI-2013 | C43: Lắp lại theo yêu cầu | D43: 21 | E43: Đạt | F43: Nguyên nhân: Thực hiện theo yêu cầu VH Thực hiện: Kiểm tra thực hiện lắp PI theo yêu cầu sau khi VH thực hiện xong công việc Kết quả: Thiết bị đã lắp lại theo yêu cầu, bàn giao ĐVCQ. | G43: DK-HIEU CHUAN
... A65: 64 | B65: L08202B | C65: VH báo sensor không nhận tín hiệu. | D65: 21 | E65: Đạt | F65: Nguyên nhân: Lỏng support Thực hiện: Quan sát thấy lỏng support sensor B31, tiến hành siết ốc cố định lại support và điều chỉnh sensor cho phù hợp. Kết quả: Thiết bị hoạt động bình thường, bàn giao cho VH. | G65: DK-SAN PHAM

Sheet TONDONG SCĐX
A1: TỒN ĐỌNG
A3: STT | B3: Tên Thiết bị | C3: Tình trạng sự cố | D3: Nội dung thực hiện | E3: Lý do tồn đọng | F3: Dự kiến hoàn thành | H3: =COUNTIF(B4:B492,"*") -> 30
A4: 1 | B4: 08FT-0023 | C4: Vận hành báo không có lưu lượng. | D4: - Nguyên nhân: Thiết bị không có giá trị_x000D_ - Thực hiện: 23/10/25 Thiết bị rỉ sét nhiều chưa thể cô lập kiểm tra được. Chuyển ca ngày hôm sau tháo thiết bị xử lý.Ngày 25/10/25 Tháo thiết bị về đo kiểm phát hiện sensor hỏng. Do vật tư không còn trong kho. Báo tổ chuyên môn mua để thay thế._x000D_ - Kết quả: Thiết bị đang lỗi | E4: Hết tồn kho 1001 | F4: Khi có vật tư mới
A5: 2 | B5: 07TT-2301 | C5: 04TT-2075 hỏng cần thay transmitter, chưa có vật tư mới | D5: - Nguyên nhân: Do 04TT-2075 hỏng mượn tạm trans_x000D_ - Thực hiện: Chuyển 07TT-2301 sang 04TT-2075. Khi có vật tư sẽ thay thế hoàn trả_x000D_ - Kết quả: Thiết bị đang lỗi | E5: Hiện hết tồn kho 1001 | F5: Khi có vật tư mới
A6: 3 | B6: 04TT-2114 | C6: VH báo giá trị dao động | D6: - Nguyên nhân: Hỏng transmitter_x000D_ - Thực hiện: 31/12 Kiểm tra thiết bị có Range đo từ 0 - 400°C, đo cặp sensor chính và phụ giá trị tương đương nhau, tiến hành looptest giá trị đúng với range đo. 1/1: transmiters bị lỗi như hôm qua, loại TH400 Siemens. Thiết bị hay bị C.N.F. chờ vật tư thay thế theo QTBDSC_x000D_ - Kết quả: Thiết bị hay bị C.N.F. chờ vật tư thay thế theo QTBDSC._x000D_ - Đề xuất/Kiến nghị: Planner bổ sung vật tư thay thế . | E6: Hiện hết tồn kho 1001 | F6: Khi có vật tư mới
A7: 4 | B7: 06TT-1068 | C7: Thiết bị đo nhiệt độ dao động , Alarm C.N.F | D7: - Nguyên nhân: Hỏng transmitter_x000D_ - Thực hiện: Kiểm tra, nguồn 13Vdc, range ( 0~300) degC, TC K , TH400. sensor 1~ 2~ 158degC. Thiết bị C.N.F. Looptest không tác dụng. Nghi ngờ transmiter hỏng, hiện tại đã hết tồn kho transmitter FF._x000D_ - Kết quả: Thiết bị Alarm CN.F. Chờ thay thế transmitter | E7: Hiện hết tồn kho 1001 | F7: Khi có vật tư mới
A8: 5 | B8: 04TT-2027B | C8: Nghi đo sai | D8: - Nguyên nhân: Chưa rõ nguyên nhân_x000D_ - Thực hiện: Kiểm tra, đo dây TC-N, Transmitter TH400, sensor chính giá trị 169,2 °C, sensor phụ 169.4°C. Tiến hành source 5 điểm với từ 0-300°C. Giá trị vào DCS không thay đổi 170°C thiết bị báo I.O.P. Resset nguồn nhưng transmitter báo I.O.P nghi thiết bị hỏng. Báo vận hành thiết bị hỏng chờ vật tư thay thế._x000D_ - Kết quả: Hiện tại đã hết tồn kho transmitter nhiệt FF, thiết bị đang I.O.P, chờ vật tư thay thế._x000D_ - Đề xuất/Kiến nghị: Planner bổ sung vật tư thay thế . | E8: Hết tồn kho 1001 | F8: Khi có vật tư mới
A9: 6 | B9: 21TT-1001 | C9: Thiết bị đo dao động, Alarm C.N.F | D9: - Nguyên nhân: Transmitter lỗi_x000D_ - Thực hiện: Kiểm tra, sensor TC K nối dài nhiệt độ bình thường không dao động (40.5degC), transmitter TH400 , range ( 0~100) degC . Looptest không đạt giá trị dao động lớn. Do hiện tại đã hết tồn kho transmitter, thiết bị chỉ hiển thị nên yêu cầu VH tạo WR thay thế theo QTBD khi có vật tư về._x000D_ - Kết quả: Transmitter lỗi, đang chờ vật tư thay thế | E9: Hết tồn kho 1001 | F9: Khi có vật tư
A10: 7 | B10: 04TT-5038 | C10: Báo lỗi CNF | D10: - Nguyên nhân: Transmitter hỏng_x000D_ - Thực hiện: Kiểm tra thấy Transmitter simen TH400 range 0-600oC, Sensor TC N. Đo nguồn cấp 13.1Vdc, nhiệt độ sensor được 499oC. Tiến hành source nhiệt từ transmitter vào không thấy hiển thị trên DCS. Nhiệt độ vẫn báo 0oC. Download lại transmitter vẫn không hết lỗi._x000D_ - Kết quả: Transmitter hỏng, chờ có vật tư mói thay thế | E10: Hết tồn kho 1001 | F10: Thay thế khi có vật tư mới
A11: 8 | B11: 06PDI-2253 | C11: Giá trị đồng hồ cơ thấp hơn transmitter 0.2 bar (đo chênh áp bộ lọc seal P06206) | D11: - Nguyên nhân: PDI hỏng_x000D_ - Thực hiện: Đóng van Isolate xả vent phát hiện kim đồng hồ đã mất liên kết với ống bourdon. Kim quay tròn. Thiết bị hỏng. Viết wr và thay thế khi nhận vật tư mới.Ngày 2/5/25 Đóng van Isolate xả vent phát hiện kim đồng hồ đã mất liên kết với ống bourdon. Kim quay tròn. Thiết bị hỏng. Viết wr nhận vật tư thay thế. Ngày 9/5/25 tìm vật tư Kho hết tồn kho. Tháo thiết bị về Tổ Hiệu Chuẩn kiểm tra thiết bị hỏng cơ cấu kim không sửa được. Tổ HC đang lên kế hoạch mua sắp vật tư._x000D_ - Kết quả: Thiết bị đang hỏng | E11: Hết tồn kho 1001. | F11: Khi có vật tư về
A12: 9 | B12: 06TI-0523 | C12: Thiết bị đo sai | D12: - Nguyên nhân: Thiết bị hỏng_x000D_ - Thực hiện: Tháo thiết bị sang tổ HC kiểm tra, thiết bị hỏng không sửa được, kiểm tra mã vật tư đã hết tồn kho ,_x000D_ - Kết quả: Thiết bị hỏng, chờ vật tư thay thế . | E12: Hết tồn kho 1001 | F12: Khi có vật tư
A13: 10 | B13: 29PI-1102A | C13: VH báo đồng hồ hiển thị sai | D13: - Nguyên nhân: Đồng hồ đo áp lệch kim chỉ thị_x000D_ - Thực hiện: Tháo đồng hồ chuyển Tổ HCHC kiểm tra sửa chữa. (Range 0-250mBar)_x000D_ - Kết quả: Đã tháo về P.TCĐK, ca sau chuyển Tổ HCHC sửa chữa. | E13: Đang gửi tổ HC kiểm tra | F13: Tuần 13, 14
A14: 11 | B14: 04TI-4403 | C14: Bể mặt kính, nghi giá trị sai so với điều kiện công nghệ | D14: - Nguyên nhân: Lệch tuyến tính_x000D_ - Thực hiện: Tháo thiết bị về hiệu chuẩn. Sau khi kiểm tra thiết bị lệch không tuyến tính. Kiểm tra vật tư kho đã hết._x000D_ - Kết quả: Thiết bị đã hỏng. Chờ mua sắm vật tư | E14: Hết tồn kho 1001 | F14: Khi có vật tư mới
A15: 12 | B15: 04TT-3026 | C15: Thiết bị Alarm C.N.F | D15: - Nguyên nhân: Nghi ngờ hỏng transmitter do lão hóa._x000D_ - Thực hiện: Thiết bị Alarm C.N.F .tiến hành reset nhiều lần mà thiết bị vẫn Alarm, scan trên DCS không tìm thấy thiết bị. Tiến hành cách ly thiết bị tại jbox 04FJB1132, chờ vật tư thay thế (Transmitter đang dùng TH400, TC K , range 0~100 degC)_x000D_ - Kết quả: Hiện thiết bị Alarm C.N.F, đã cách ly tại box chờ vật tư thay thế._x000D_ - Đề xuất/Kiến nghị: Planner bổ sung vật tư thay thế. | E15: Hết tồn kho 1001 | F15: Khi có vật tư mới
... A22: 19 | B22: 07PDI- 3648 | C22: Thiết bị đo sai | D22: - Nguyên nhân: Lệch zero_x000D_ - Thực hiện: Tiến hành cô lập công nghệ và xả vent hai ngăn low và high nhưng thiết bị lệch điểm zero. Lấy đồng hồ chuẩn kiểm tra 2 điểm tại nozzle của công nghệ giá trị chênh áp khoảng 0.07Kpa. (H= 0,02Kpa, L= - 0.05Kpa ) Tháo thiết bị về phòng trực ca bàn giao cho tổ HC_x000D_ - Kết quả: Thiết bị chưa được lắp lại | E22: Thiết bị chưa được lắp lại | F22: Tuần 21
A23: 20 | B23: CAMERA 44/45/46/47 | C23: An Toàn báoCamera 44/45/46/47 khu vực phía sau nhà đóng bao NPK | D23: - Nguyên nhân: Không cón tín hiệu truyền thông quang._x000D_ - Thực hiện: Kiểm tra các tủ box đấu nối thì phát hiện không có tín hiệu truyền thông quang, chưa rõ nguyên nhân. An Toàn đã thông tin nhà thầu kiểm tra lại_x000D_ - Kết quả: Hiện camera chưa lên hình, An Toàn đã thông tin nhà thầu kiểm tra lại . | E23: Nhà thầu chưa xử lý xong ,21/05/2026. An Toàn đã yc nhà thầu kiểm tra lại .
A24: 21 | B24: 06PI-2258 | C24: Giá trị đo sai (35 bar so với giá trị VH bình thường là 40 bar) . | D24: - Nguyên nhân: Chưa biết nguyên nhân ._x000D_ - Thực hiện: Quan sát thấy thiết bị đo sai với thực tế, tiến hành thực hiện theo y/c VH tháo 06PI-2257 sang lắp thay thế cho 06PI-2258. Hiện tại 06PI-2258 đem về phòng trực ca, chuyển ca ngày 18/5 đầu tuần mang sang Tổ HC kiểm tra lại._x000D_ - Kết quả: Chuyển ca ngày 18/5 đầu tuần mang sang Tổ HC kiểm tra lại.
A25: 22 | B25: 41TI-1112 | C25: VH báo giá trị đo sai | D25: - Nguyên nhân: Nghi ngờ hỏng sensor nhiệt độ_x000D_ - Thực hiện: Kiểm tra giá trị đo nhiệt bị treo tại 60degC không thay đổi. Tiến hành tháo về chuyển Tổ Nhiệt kiểm tra sửa chữa._x000D_ - Kết quả: Thiết bị hỏng chờ thay thế vật tư | E25: Thiết bị hỏng chờ thay thế vật tư | F25: Khi có vật tư mới
A26: 23 | B26: 41TI-1113 | C26: VH báo giá trị đo sai | D26: - Nguyên nhân: Nghi ngờ hỏng sensor nhiệt độ + Mặt kính bị nứt_x000D_ - Thực hiện: Kiểm tra giá trị đo nhiệt bị treo tại 35degC không thay đổi. Tiến hành tháo về chuyển Tổ Nhiệt kiểm tra sửa chữa + thay mặt kính bể._x000D_ - Kết quả: <br>Thiết bị hỏng chờ thay thế vật tư | E26: Thiết bị hỏng chờ thay thế vật tư | F26: Khi có vật tư mới
A27: 24 | B27: 07PI-3637 | C27: Thiết bị đo sai | D27: - Nguyên nhân: Nghi ngờ do rung hỏng thiết bị_x000D_ - Thực hiện: Kiểm tra kim đồng hồ xoay tròn. Do van block đã hỏng nên không thể tháo thiết bị về kiểm tra. Sau khi X.ure sửa van block sẽ tháo PI về kiểm tra._x000D_ - Kết quả: Thiết bị đang lỗi | E27: Van block đã hỏng | F27: VH chờ CK sửa xong sẽ báo thực hiện
A28: 25 | B28: 06TT-1039 | C28: Thiết bị Alarm C.N.F | D28: - Nguyên nhân: Nghi hỏng transmitter_x000D_ - Thực hiện: Kiểm tra ( range 0~250, TC K , YTA70) sensor1~sensor2~ 49.1degC. Loop test bình thường, tuy nhiên sau đó thiết bị lại chập chờn Alarm C.N.F. Khả năng hỏng transmitter do lão hóa . Phối hợp VH cách ly thiết bị tại jbox 06FJB1133._x000D_ - Kết quả: THiết bị Alarm C.N.F, cách ly thiết bị tại jbox 06FJB1133, chờ thay thế vật tư. | E28: Hết vật tư tồn kho | F28: Khi có vật tư mới
A29: 26 | B29: 29PI-1102D | C29: VH báo đồng hồ hiển thị sai | D29: - Nguyên nhân: Đồng hồ đo áp lệch zero_x000D_ - Thực hiện: Tháo đồng hồ chuyển Tổ HCHC kiểm tra sửa chữa. (Range 0-250mBar)_x000D_ - Kết quả: Đã tháo về P.TCĐK, ca sau chuyển Tổ HCHC sửa chữa. | E29: Đồng hồ sau khi Tổ HCHC kiểm tra báo lại đã hỏng, hiện vật tư tồn kho đã hết | F29: Khi có vật tư về
A30: 27 | B30: 07TI-3304 | C30: TI nhiệt độ khoang spouting giá trị sai so với TT | D30: - Nguyên nhân: Đang hiệu chuẩn_x000D_ - Thực hiện: Tháo TI mang hề tổ Hiệu chuẩn kiểm tra. Chuyển ca ngày hôm sau nhận lắp lại_x000D_ - Kết quả: Chưa xong nên chưa lắp lại | E30: Hết vật tư tồn kho | F30: Khi có vật tư mới
A31: 28 | B31: 04TT-5143B | C31: Lấy transmitter thay cho 04TT5026 theo yêu cầu VH | D31: - Nguyên nhân: Theo yêu cầu VH_x000D_ - Thực hiện: Đã cách ly nguồn tại JB, tháo transmitter thay cho 04TT5026 theo yêu cầu._x000D_ - Kết quả: Thiết bị đang được cách ly tại JB. | E31: Chưa có vật tư thay thế | F31: Khi có vật tư
A32: 29 | B32: 07PDI-3642 | C32: Thiết bị đo sai ( tồn đọng) | D32: - Nguyên nhân: Lệch zero_x000D_ - Thực hiện: Tiến hành cô lập công nghệ và xả vent hai ngăn low và high nhưng thiết bị lệch điểm zero. Lấy đồng hồ chuẩn kiểm tra 2 điểm tại nozzle của công nghệ giá trị chênh áp khoảng 0.1Kpa. (H= -0,95Kpa, L= - 1,95Kpa ) Tháo thiết bị về phòng trực ca bàn giao cho tổ HC xử lý._x000D_ - Kết quả: Thiết bị chưa được lắp lại | E32: Thông tin Tổ HCHC báo lại thiết bị hỏng không sửa chữa được. Vật tư tồn kho đã hết | F32: Khi có vật tư mới
A33: 30 | B33: 04FXT-2011A | C33: Giá trị Transmitter A cao ( 617xx m3/h) so với transmitter AC (612xxm3/h) Cao hơn khoảng 500m3/h | D33: - Nguyên nhân: Chưa tìm được nguyên nhân_x000D_ - Thực hiện: Kiểm tra phát hiện ngăn Low rò ngã ba sau van block. Sau khi xỷ lý hết rò thiết bị vẫn cao hơn. Tạm thời chưa biết nguyên nhân transmitter A cao hơn BC ( cao khoảng 0.1%). Sẽ trao đổi với tổ AMLL xử lý sau._x000D_ - Kết quả: Thiết bị hoạt động bình thường. | E33: Chưa tìm được nguyên nhân | F33: Tuần 19
